supplier_code,supplier_name,country,category,on_time_delivery_rate,defect_rate,cancellation_rate,avg_lead_time_days,order_volume_last_year,is_high_risk
SUP-00565,Li PLC,Pakistan,thread,0.7949,0.0581,0.067,28.1,50.0,1
SUP-00938,"Rios, Walker and Wright",Bangladesh,packaging,0.9565,0.0079,0.0284,13.3,71.0,0
SUP-00660,Chambers-Parker,China,fabric,0.8751,0.062,0.0501,22.6,100.0,1
SUP-00737,"Frey, Santos and Johnson",Pakistan,zippers,0.8962,0.0136,0.0272,11.9,93.0,0
SUP-00957,Haynes-Watson,Pakistan,fabric,0.7723,0.0422,0.0294,28.1,77.0,1
SUP-00750,"Allen, Davenport and Price",Indonesia,trims,0.8115,0.0554,0.0649,22.4,75.0,1
SUP-00631,Small-Anderson,Indonesia,zippers,0.848,0.0356,0.0298,11.0,117.0,0
SUP-00299,"Sparks, Jackson and Miller",India,thread,0.7667,0.0216,0.0222,17.4,86.0,0
SUP-00897,Miller Inc,Vietnam,fabric,0.9811,0.0,0.0192,20.3,81.0,0
SUP-00915,"Wang, Henderson and Morales",China,packaging,0.9329,0.0253,0.0203,12.3,94.0,0
SUP-00105,Nolan-Flynn,Pakistan,trims,0.8759,0.0493,0.0606,23.6,104.0,1
SUP-00625,Butler and Sons,China,trims,0.9058,0.041,0.0037,13.3,156.0,0
SUP-00387,"Morales, Thomas and Schultz",Vietnam,dye_chemicals,0.938,0.0253,0.0264,15.7,153.0,0
SUP-00736,Sutton-Abbott,Sri Lanka,thread,0.816,0.0435,0.0257,24.6,114.0,1
SUP-00814,"Thompson, Moore and Castro",Bangladesh,fabric,0.8590000000000001,0.0,0.018,22.8,136.0,0
SUP-00807,Guerra Ltd,Pakistan,trims,0.8185,0.0395,0.0533,21.6,86.0,0
SUP-00898,Goodwin PLC,China,dye_chemicals,0.8612,0.0158,0.0469,10.4,99.0,0
SUP-00878,Khan LLC,China,fabric,0.9263,0.0301,0.024,19.9,126.0,0
SUP-00889,"Anderson, Jones and Reyes",Vietnam,buttons,0.999,0.0366,0.0108,12.9,40.0,0
SUP-00552,"Fowler, Jimenez and Burton",Vietnam,dye_chemicals,0.8839,0.0272,0.036,17.0,97.0,0
SUP-00817,Foster-Mclaughlin,Sri Lanka,zippers,0.9669,0.024,1.0,17.3,163.0,0
SUP-00276,"Burns, Hernandez and Ryan",Bangladesh,packaging,0.9141,0.0259,0.0356,19.1,111.0,0
SUP-00799,"Terrell, Byrd and Ross",Indonesia,thread,0.9186,0.0212,0.0238,14.1,62.0,0
SUP-00122,Johnson-Carlson,Pakistan,buttons,0.9419,0.0301,0.02,9.4,164.0,0
SUP-00320,"Shaw, Nelson and Martin",Vietnam,dye_chemicals,0.9386,0.0368,0.0333,17.9,111.0,0
SUP-00773,Thomas-Jackson,India,thread,0.9103,0.0512,0.0345,17.5,88.0,0
SUP-00551,"Baker, Clark and Armstrong",China,trims,0.9620000000000001,0.043,0.0067,20.4,64.0,0
SUP-00187,Sanders-Espinoza,Pakistan,dye_chemicals,0.7190000000000001,0.03605,0.0471,27.5,64.0,1
SUP-00235,Ortiz Ltd,Pakistan,trims,0.9094,0.0304,0.0328,16.5,114.0,0
SUP-00095,Campbell-Clark,Pakistan,trims,0.9512,0.0735,0.0451,26.6,75.0,1
SUP-00343,Lopez-Martinez,China,buttons,0.79,0.0312,0.0436,22.6,148.0,1
SUP-00147,Robinson-Brock,India,zippers,0.9125,0.0292,0.0,16.7,81.0,0
SUP-00529,"Daniels, Vance and York",Indonesia,thread,0.9751,0.006,0.0115,13.4,227.0,0
SUP-00775,Ward and Sons,Bangladesh,zippers,0.8879,0.0578,0.0163,15.5,161.0,1
SUP-00332,"Turner, Ortiz and Taylor",Bangladesh,zippers,0.9091,0.0378,0.0677,20.3,152.0,1
SUP-00728,"Arnold, Smith and Moreno",China,dye_chemicals,0.905,0.0103,0.0342,20.7,50.0,1
SUP-00057,"Washington, Ryan and Cummings",China,trims,0.9178,0.0239,0.0,10.5,119.0,0
SUP-00224,Wilson-Jones,Bangladesh,packaging,0.7935,0.0623,0.0284,25.5,105.0,1
SUP-00746,White LLC,Pakistan,thread,0.9414,0.0552641865207494,0.0312858400615378,18.1,70.0,0
SUP-00440,King-York,Indonesia,thread,0.8174,0.0322,0.0608,24.0,119.0,1
SUP-00295,"Brennan, Wallace and Benson",China,dye_chemicals,0.8891,0.021,0.0114,13.9,75.0,0
SUP-00795,"Barnes, Johnson and Schmitt",Sri Lanka,packaging,0.8932,0.0588,0.0396,24.9,135.0,1
SUP-00518,"Hernandez, Cole and Watson",Pakistan,zippers,0.8059999999999999,0.0339,0.03715,18.1,119.0,1
SUP-00186,Johnston-Odonnell,Bangladesh,zippers,0.8761,0.0455,0.0469,17.5,35.0,1
SUP-00013,Arnold Ltd,Vietnam,buttons,0.8191,0.0229,0.0423,16.5,110.0,1
SUP-00961,Green-Edwards,Pakistan,buttons,0.8734500000000001,0.026,0.0127,11.6,137.0,0
SUP-00891,Taylor-Ayala,Pakistan,packaging,0.818,0.0649,0.0172,21.1,80.0,1
SUP-00199,Ramirez Group,Sri Lanka,packaging,0.8919,0.0519,0.0284,16.6,114.0,0
SUP-00158,"Miller, Hernandez and Reyes",Bangladesh,thread,0.77,0.0885,0.0655,25.1,94.0,1
SUP-00241,Jones and Sons,Sri Lanka,fabric,0.7726,0.0381,0.0453,16.2,106.0,1
SUP-00939,"Flores, Mckenzie and Duncan",Vietnam,thread,0.856,0.0745,0.0601,15.6,174.0,1
SUP-00612,Reed Group,Indonesia,dye_chemicals,0.872,0.025,0.0286,12.4,109.0,0
SUP-00637,Wilcox-Robertson,Sri Lanka,dye_chemicals,0.7106,0.0936,0.0497,18.0,81.0,1
SUP-00088,Anderson-Bailey,Vietnam,thread,0.9805,0.0199,0.0312929200307689,12.6,106.0,0
SUP-00588,Robles-Swanson,Bangladesh,zippers,0.8761,0.0378,0.0548,16.8,108.0,1
SUP-00329,Harvey PLC,Sri Lanka,trims,0.916,0.0296,0.0125,13.9,46.0,0
SUP-00019,"Adams, Zuniga and Wong",Pakistan,fabric,0.8466,0.0463,0.0359,15.0,104.0,0
SUP-00060,Gomez-Jenkins,China,dye_chemicals,0.9626,0.0132,0.0373,3.2,81.0,0
SUP-00488,Williams-Hughes,Bangladesh,trims,0.862,0.0461,0.0098,23.1,111.0,0
SUP-00888,Mcneil Group,India,dye_chemicals,0.999,0.0127,0.0226,13.9,187.0,0
SUP-00918,Herrera Group,India,packaging,0.7776,0.0573,0.0284,14.9,103.0,1
SUP-00508,Parker-Morrison,Pakistan,fabric,0.8799,0.0447,0.0356,18.9,125.0,1
SUP-00602,Payne-Lowe,Indonesia,packaging,0.8824,0.0298,0.0284,24.9,82.0,1
SUP-00053,Chapman and Sons,Indonesia,buttons,0.9351,0.0188,0.0192,14.5,135.0,0
SUP-00155,"Ramirez, Strickland and Washington",India,fabric,0.9751,0.0,0.0356,16.7,96.0,0
SUP-00751,"Rivera, Campos and Taylor",China,buttons,0.804,0.0639,0.0451,16.8,161.0,1
SUP-00337,"Newton, Moore and Perry",Bangladesh,trims,0.8553,0.0306,0.0401,15.8,116.0,0
SUP-00860,"Martinez, Cline and Wright",Vietnam,buttons,0.837,0.0561,0.0349,21.7,15.0,1
SUP-00600,Fox-Edwards,India,fabric,0.9715,0.0335,0.0,16.2,104.0,0
SUP-00246,Navarro-Munoz,China,buttons,0.882,0.0355,0.0313,13.7,45.0,0
SUP-00931,"Ward, Porter and Bradley",India,fabric,0.984,0.0402,0.038,6.8,91.0,0
SUP-00785,Diaz-Frederick,Pakistan,zippers,0.9479,0.0326,0.0057,14.2,105.0,0
SUP-00144,"Lee, Horton and Snyder",Sri Lanka,fabric,0.905,0.0429,0.0307,16.0,16.0,0
SUP-00002,Doyle Ltd,Sri Lanka,trims,0.9890000000000001,0.0278,0.0068,14.2,75.0,0
SUP-00796,"Woodard, Herrera and Little",Pakistan,trims,0.8759,0.0416,0.0292,18.4,103.0,0
SUP-00758,Lopez-Willis,China,fabric,0.9264,0.0237,0.0112,12.4,72.0,0
SUP-00024,Morales-Jones,India,dye_chemicals,0.9426,0.011,0.0293,13.3,94.0,0
SUP-00231,"Branch, Torres and Oliver",China,buttons,0.766,0.0238,0.030449999999999998,18.4,57.0,0
SUP-00101,Figueroa PLC,Vietnam,dye_chemicals,0.941,0.0255,0.0203,19.8,86.0,0
SUP-00594,Smith LLC,Pakistan,buttons,0.8735,0.009,0.0352,14.7,54.0,0
SUP-00804,Barton-Chapman,India,trims,0.8598,0.035,0.0296,18.5,177.0,0
SUP-00333,Torres Group,Bangladesh,trims,0.8170000000000001,0.0353,0.0249,28.5,111.0,1
SUP-00738,Gray-Tran,China,packaging,0.945,0.0311,0.0284,14.7,104.0,0
SUP-00326,"Martinez, Richardson and Curry",Indonesia,zippers,0.8965,0.0,0.0,18.2,97.0,0
SUP-00264,"Lloyd, Mckinney and Collins",Sri Lanka,dye_chemicals,0.6532,0.0912,0.0812,29.0,103.0,1
SUP-00722,Duran Group,Bangladesh,thread,0.9036,0.0301,0.0312929200307689,14.4,143.0,0
SUP-00296,Williams Inc,Pakistan,dye_chemicals,0.8338,0.0225,0.0342,19.0,83.0,1
SUP-00020,"Reid, Ferguson and Sanchez",Pakistan,dye_chemicals,0.835,0.0329,0.052,15.7,103.0,0
SUP-00904,Harris-Lawson,India,fabric,0.9129,0.0453,0.0172,19.1,122.0,0
SUP-00342,"Winters, Newman and Brown",Sri Lanka,zippers,0.7140000000000001,0.0396,0.0694,20.3,46.0,1
SUP-00023,Perez Inc,China,buttons,0.964,0.0342,0.0393,7.3,104.0,0
SUP-00646,"Carrillo, Vaughn and Fowler",Indonesia,dye_chemicals,0.9990000000000001,0.0336,0.0335,17.7,140.0,0
SUP-00607,Stewart-Bailey,Pakistan,thread,0.9312,0.0423,0.0291,11.7,100.0,0
SUP-00993,Gonzalez-Wilkerson,China,zippers,0.9173,0.0105,0.0331,7.0,73.0,0
SUP-00228,"Duran, Obrien and Gibbs",China,buttons,0.8734500000000001,0.0342,0.0957,23.4,110.0,1
SUP-00381,"Richardson, Farmer and Andrews",Sri Lanka,thread,0.9189,0.0379,0.0562,18.2,43.0,0
SUP-00910,"Fisher, Payne and Thompson",India,trims,0.7426,0.0696,0.0577,24.8,158.0,1
SUP-00107,"Wright, Garcia and Deleon",India,buttons,0.9179,0.0353,0.007,20.1,117.0,0
SUP-00913,Lewis-Livingston,Sri Lanka,thread,0.8301,0.0377,0.0129,11.0,105.0,0
SUP-00704,Dominguez Ltd,Indonesia,zippers,0.8588,0.0115,0.0111,9.7,118.0,0
SUP-00605,"Evans, David and Hendrix",China,trims,0.8289,0.0422,0.0284,20.0,78.0,0
SUP-00165,Castaneda-Ashley,Pakistan,dye_chemicals,0.9095,0.0473,0.0273,15.2,117.0,0
SUP-00922,Wilson-Salazar,China,thread,0.9061,0.0399,0.0156,14.9,96.0,0
SUP-00576,"Cole, Pierce and Bryan",Vietnam,trims,0.772,0.0645,0.1048,19.5,95.0,1
SUP-00278,Gibson-Morris,India,dye_chemicals,0.8465,0.0705,0.0618,26.6,109.0,1
SUP-00609,Huang-Foster,India,zippers,0.894,0.0541,0.023,20.4,80.0,0
SUP-00812,"Wilson, Sweeney and Wong",Indonesia,fabric,0.8233,0.035,0.0356,18.2,82.0,0
SUP-00184,"Higgins, Strickland and Martin",Sri Lanka,buttons,0.9145,0.0168,0.0,14.1,43.0,0
SUP-00772,"James, Taylor and Turner",Vietnam,buttons,0.8111,0.0626,0.0735,30.5,120.0,1
SUP-00608,"Hill, Martinez and Rhodes",Sri Lanka,trims,0.9553,0.0334,0.0141,10.5,133.0,0
SUP-00604,Lee-Wright,Sri Lanka,buttons,0.7013,0.0865,0.051,22.6,59.0,1
SUP-00153,Manning Group,Pakistan,thread,0.8698,0.0294,0.0224,5.3,114.0,0
SUP-00247,Davis Ltd,Indonesia,trims,0.8208,0.0404,0.0365,19.0,191.0,0
SUP-00244,Lyons-Bender,China,packaging,0.7947,0.0571,0.0431,20.4,82.0,1
SUP-00324,"Ramsey, Whitney and Coffey",India,zippers,0.8761,0.0608,0.03715,19.5,77.0,0
SUP-00787,Maldonado PLC,Pakistan,thread,0.7516,0.0539,0.0669,29.3,126.0,1
SUP-00054,"Robinson, Jones and Welch",Vietnam,trims,0.9855,0.046,0.0609,18.5,123.0,1
SUP-00745,Lam-Elliott,Indonesia,trims,0.8439,0.0608,0.0125,22.7,64.0,0
SUP-00850,Gonzales Inc,Vietnam,buttons,0.7411,0.0451,0.022,19.7,81.0,1
SUP-00998,Nelson-Johnson,Sri Lanka,buttons,0.8409,0.0134,0.030449999999999998,15.3,116.0,1
SUP-00443,"Hale, Myers and Larson",Sri Lanka,zippers,0.8087,0.0303,0.0501,24.1,61.0,1
SUP-00336,"Avery, Horton and Fernandez",Bangladesh,trims,0.8329,0.0357,0.0357,20.0,48.0,0
SUP-00665,Mitchell and Sons,Vietnam,thread,0.672,0.0682,0.0523,20.5,97.0,1
SUP-00909,Peck-Anderson,China,fabric,0.8148,0.0791,0.0509,13.9,111.0,1
SUP-00259,Gutierrez-Lopez,Vietnam,trims,0.8469,0.0484,0.0376,20.1,207.0,1
SUP-00920,Collins Group,Pakistan,dye_chemicals,0.8581,0.0227,0.0301,19.7,119.0,0
SUP-00355,"Fisher, Wilson and Brown",Indonesia,packaging,0.9362,0.0339,0.0,11.2,156.0,0
SUP-00123,Chandler-Edwards,India,trims,0.888,0.0588,0.0546,22.0,52.0,1
SUP-00398,"Estrada, Williams and Foster",Bangladesh,trims,0.9148,0.0563,0.0497,22.5,174.0,1
SUP-00926,"Logan, Le and Jackson",Bangladesh,trims,0.9004,0.0244,0.0727,27.0,165.0,1
SUP-00016,Galloway-Wyatt,Bangladesh,buttons,0.999,0.0253,0.0033,16.6,110.0,0
SUP-00176,King-Miller,Sri Lanka,trims,0.8285,0.0565,0.0339,19.1,32.0,0
SUP-00671,"Long, Anderson and Irwin",Pakistan,fabric,0.8441,0.0458,0.064,15.9,51.0,0
SUP-00827,"Mccarthy, Evans and Mendez",China,trims,0.9027,0.0362,0.0048,10.4,135.0,0
SUP-00441,"Marks, Cook and Aguilar",India,dye_chemicals,0.8240000000000001,0.0275,0.0186,10.4,112.0,0
SUP-00059,Lee-Davis,India,trims,0.929,0.0445,0.0432,24.4,86.0,1
SUP-00867,"Smith, Schroeder and Oconnor",Bangladesh,trims,0.9487,0.0278,0.0073,9.5,142.0,0
SUP-00212,King-Martinez,Sri Lanka,thread,0.8490000000000001,0.0398,0.0497,16.1,118.0,1
SUP-00258,"Bryan, Smith and Booth",Indonesia,thread,0.92,0.0,0.0308,4.7,170.0,0
SUP-00474,Lowery-Kennedy,China,packaging,0.8591,0.0507,0.0659,19.2,72.0,1
SUP-00404,Jones-Hensley,Vietnam,fabric,0.8751,0.0327,0.0134,15.3,158.0,0
SUP-00185,Rodriguez-Johnson,Bangladesh,fabric,0.8977,0.0562,0.0356,12.0,117.0,0
SUP-00433,Hayes LLC,Indonesia,buttons,0.8429,0.0342,0.030449999999999998,10.8,124.0,0
SUP-00292,Young Ltd,Bangladesh,buttons,0.9167,0.0342,0.0084,13.4,111.0,1
SUP-00890,"Shaffer, Garcia and Richardson",Sri Lanka,dye_chemicals,0.8866,0.0142,0.036,12.5,104.0,0
SUP-00402,Thompson-James,India,zippers,0.9478,0.0465,0.0163,16.1,98.0,0
SUP-00640,Boyle-Smith,Sri Lanka,dye_chemicals,0.8466,0.0364,0.0178,14.9,119.0,0
SUP-00948,Oconnor PLC,China,dye_chemicals,0.9123,0.0629,0.036,16.2,136.0,0
SUP-00634,Higgins-Smith,India,trims,0.8276,0.0639,0.052,19.3,58.0,1
SUP-00407,Berry-Mckinney,Indonesia,buttons,0.8595,0.0478,0.0322,19.2,94.0,0
SUP-00426,"Brown, Romero and Collins",Vietnam,buttons,0.7927,0.079,0.0405,16.6,155.0,1
SUP-00396,Reed Inc,China,dye_chemicals,0.8787,0.0333,0.0453,26.0,161.0,1
SUP-00102,"Patterson, Smith and Jones",India,packaging,0.6668,0.07,0.0801,30.0,52.0,1
SUP-00238,"Hall, Baker and Moody",Vietnam,zippers,0.8571,0.0378,0.0407,14.0,75.0,0
SUP-00400,Duran LLC,Bangladesh,fabric,0.803,0.0922,0.1072,21.4,137.0,1
SUP-00126,Smith-Frost,Vietnam,dye_chemicals,0.877,0.0315,0.036,12.7,94.0,0
SUP-00094,Newton and Sons,Pakistan,zippers,0.9398,0.0666,0.0311,24.9,104.0,0
SUP-00937,Tran Ltd,Vietnam,zippers,0.8408,0.0745,0.0628,16.7,105.0,1
SUP-00995,Mayo Ltd,India,dye_chemicals,0.669,0.0586,0.0525,28.1,139.0,1
SUP-00311,"Beltran, Lozano and Mcgee",Vietnam,thread,0.7995,0.0456,0.0601,23.4,57.0,1
SUP-00535,Salazar Inc,Indonesia,packaging,0.8872,0.03345,0.0257,15.2,14.0,1
SUP-00895,Bell-Lewis,China,dye_chemicals,0.8566,0.0346,0.0596,24.6,154.0,1
SUP-00980,Johnson Inc,Pakistan,zippers,0.8604,0.0553,0.07,17.5,104.0,1
SUP-00037,Smith-Bowen,China,packaging,0.7959999999999999,0.0363,0.017,14.8,164.0,0
SUP-00191,Reed Group,Vietnam,trims,0.7709999999999999,0.0506,0.0627,16.8,132.0,1
SUP-00500,Kelly-Norman,Indonesia,zippers,0.772,0.0506,0.0579,16.7,104.0,1
SUP-00439,Davis-Gregory,Sri Lanka,fabric,0.7914,0.0402,0.0912,22.3,73.0,1
SUP-00435,"Kim, Gonzales and Mills",India,packaging,0.8932,0.0,0.0091,9.5,92.0,1
SUP-00252,"Graham, Olsen and Costa",Indonesia,thread,0.8044,0.0571126605584985,0.0313314691664198,22.7,131.0,1
SUP-00734,Chung-Stevens,Bangladesh,dye_chemicals,0.8997,0.0354,0.0275,16.8,56.0,0
SUP-00754,Peterson PLC,Pakistan,trims,0.9166,0.0075,0.0464,12.2,66.0,0
SUP-00372,Davis Inc,Indonesia,fabric,0.8357,0.059,0.0331,20.5,112.0,1
SUP-00831,"Price, Carlson and Andrews",India,dye_chemicals,0.8178,0.0628,0.0505,14.5,106.0,1
SUP-00577,"Becker, Wilson and Hester",Indonesia,fabric,0.8751,0.0402,0.0434,18.5,125.0,0
SUP-00672,Avila LLC,India,zippers,0.9109,0.0317,0.016,9.4,98.0,0
SUP-00072,House-Glover,China,buttons,0.8797,0.0209,0.0505,26.5,106.0,1
SUP-00234,Arnold and Sons,China,packaging,0.9296,0.0352,0.0284,7.9,125.0,0
SUP-00564,Wright-Grimes,Indonesia,dye_chemicals,0.7973,0.074,0.0514,23.0,95.0,1
SUP-00630,Hays-Daniels,Sri Lanka,thread,0.8981,0.03665,0.0461,18.0,73.0,1
SUP-00815,Hall-Sullivan,Vietnam,zippers,0.782,0.0662,0.0461,16.7,81.0,1
SUP-00570,Williams-Campbell,China,buttons,0.9852,0.0292,0.025,10.1,111.0,0
SUP-00584,"Kirby, Wheeler and Romero",Vietnam,dye_chemicals,0.9426,0.0644,0.0508,17.0,120.0,1
SUP-00409,Jackson-Meza,Sri Lanka,thread,0.886,0.0254,0.0133,15.8,116.0,0
SUP-00601,Stevens PLC,Bangladesh,thread,0.8967,0.0237,0.0442,15.0,117.0,1
SUP-00990,Holland Group,China,fabric,0.6954,0.0452,0.0695,30.7,93.0,1
SUP-00830,Brooks and Sons,Bangladesh,fabric,0.778,0.0486,0.0356,15.95,106.0,0
SUP-00767,Johnson LLC,India,buttons,0.8340000000000001,0.0122,0.0157,21.5,76.0,0
SUP-00006,"Gardner, Robinson and Lawrence",Indonesia,trims,0.877,0.0419,0.0443,11.1,90.0,0
SUP-00209,Holt-Torres,Vietnam,buttons,0.919,0.0567120415591499,0.0252030476359428,16.6,24.0,0
SUP-00464,Spencer-Garcia,Vietnam,buttons,0.7801,0.0405,0.0314,18.4,111.0,1
SUP-00211,"Pierce, Bell and Chavez",Sri Lanka,packaging,0.809,0.0334,0.0373,24.2,120.0,1
SUP-00415,Dixon Inc,Pakistan,packaging,0.9766,0.0431,0.046,17.9,77.0,0
SUP-00014,"Mcclure, Ward and Lee",Indonesia,trims,0.878,0.035,0.0564,20.6,116.0,0
SUP-00485,"Butler, Beck and Miller",Pakistan,packaging,0.999,0.0335,0.0315,13.1,85.0,1
SUP-00638,Morales Inc,Indonesia,dye_chemicals,0.8142,0.0709,0.036,27.3,120.0,1
SUP-00035,"Dyer, Potter and Mack",Pakistan,trims,0.899,0.0645,0.0533,18.9,172.0,0
SUP-00168,Johnson-Rogers,Vietnam,thread,0.9412,0.0,0.0232,21.8,116.0,0
SUP-00735,Branch and Sons,Indonesia,buttons,0.7769,0.0132,0.0266,15.1,175.0,0
SUP-00615,Gilbert PLC,India,trims,0.9412,0.0069,0.0261,11.7,122.0,0
SUP-00585,"Patel, Erickson and Evans",Vietnam,buttons,0.8734500000000001,0.0266,0.0262,8.3,110.0,0
SUP-00368,Gutierrez Group,Indonesia,trims,0.8548,0.0496,0.05,24.9,129.0,1
SUP-00163,"Smith, Gilmore and Johnston",Sri Lanka,thread,0.8744,0.0402,0.0342,22.1,134.0,1
SUP-00658,Chavez PLC,Bangladesh,fabric,0.8744,0.0394,0.0368,25.3,208.0,1
SUP-00411,Kim Inc,Vietnam,thread,0.9262,0.01,0.0,5.7,116.0,0
SUP-00113,"Rodriguez, Brennan and Garrison",Sri Lanka,fabric,0.9342,0.0367,0.0104,21.0,87.0,0
SUP-00721,Landry Ltd,Indonesia,dye_chemicals,0.912,0.0277,0.0325,16.4,73.0,0
SUP-00420,Thompson Ltd,China,zippers,0.8429,0.0403,0.03,8.3,120.0,0
SUP-00131,"Parker, Ortiz and Powell",Indonesia,zippers,0.8542,0.0264,0.037,11.5,70.0,0
SUP-00120,"Rivera, Johnson and Wiley",Pakistan,fabric,0.7602,0.0335,0.0469,15.95,210.0,1
SUP-00319,Buchanan LLC,Bangladesh,fabric,0.7859,0.0368,0.0202,21.2,5.0,1
SUP-00167,"Hurst, Freeman and Nelson",India,buttons,0.9162,0.0127,0.0387,10.3,85.0,0
SUP-00323,Taylor and Sons,Indonesia,trims,0.907,0.0103,0.0346,12.6,111.0,0
SUP-00792,"Moore, Henderson and Bennett",China,fabric,0.828,0.0322,0.0244,16.3,94.0,0
SUP-00846,Weaver-Sherman,Sri Lanka,trims,0.8384,0.0566,0.0358,20.9,140.0,1
SUP-00911,Best-Townsend,Bangladesh,packaging,0.8905,0.0157,0.017,16.5,119.0,0
SUP-00841,Carter LLC,China,trims,0.8265,0.0204,0.0322,20.1,130.0,1
SUP-00195,"Hernandez, Thompson and Boyd",Sri Lanka,packaging,0.8468,0.0273,0.0497,19.0,172.0,0
SUP-00457,Bishop-Goodwin,Sri Lanka,dye_chemicals,0.8788,0.0449,0.0422,14.0,125.0,0
SUP-00798,"Ortega, Jackson and Salazar",Sri Lanka,packaging,0.8453,0.03345,0.0472,22.5,75.0,1
SUP-00763,Smith LLC,India,buttons,0.8734500000000001,0.0697,0.0583,26.6,61.0,0
SUP-00942,Finley Inc,Pakistan,trims,0.9038,0.035,0.0339,9.3,114.0,0
SUP-00129,"Mccall, Hanson and Alvarado",Pakistan,trims,0.9117,0.035,0.0339192408493963,22.5,5.0,0
SUP-00453,Harper and Sons,Vietnam,fabric,0.999,0.0,0.0003,3.0,99.0,0
SUP-00759,Miller-Montgomery,Sri Lanka,zippers,0.6728,0.0283,0.055,18.6,76.0,0
SUP-00950,Hall LLC,Bangladesh,trims,0.8961,0.035,0.0409,29.3,111.0,1
SUP-00492,Anderson-Bell,Pakistan,thread,0.821,0.0218,0.015,18.5,113.0,0
SUP-00339,Crosby-Ramirez,Vietnam,packaging,0.93,0.0217,0.0196,16.1,86.0,0
SUP-00127,"Mcdaniel, Bentley and Mclaughlin",Vietnam,thread,0.9111,0.0283,0.0246,14.4,178.0,0
SUP-00362,Lam LLC,Sri Lanka,buttons,0.9214,0.0342,0.030449999999999998,19.8,53.0,1
SUP-00421,Marshall-Elliott,Pakistan,thread,0.8994,0.03665,0.0132,17.8,98.0,0
SUP-00719,White-Preston,Sri Lanka,zippers,0.9279,0.0338,0.0684,21.2,135.0,0
SUP-00062,Powell LLC,Sri Lanka,buttons,0.9635,0.0342,0.0335618204369266,14.7,60.0,0
SUP-00538,"Jones, Compton and Day",China,thread,0.9678,0.0338,0.0288,10.4,47.0,0
SUP-00012,Dudley Group,Vietnam,fabric,0.9771,0.0045,0.0146,8.3,101.0,0
SUP-00924,"Yang, Wilson and Zimmerman",Sri Lanka,thread,0.8507,0.0597,0.0301,16.5,116.0,1
SUP-00606,Bush-Vaughn,China,trims,0.946,0.0009,0.04,6.9,88.0,0
SUP-00050,"Harris, Collins and Carney",China,trims,0.8759,0.0345,0.0145,21.7,88.0,0
SUP-00965,Moore and Sons,Indonesia,fabric,0.8371,0.032,0.0291,17.4,100.0,0
SUP-00813,"Marsh, Spears and Yang",China,dye_chemicals,0.789,0.0739,0.0458,20.6,77.0,1
SUP-00472,Combs Ltd,China,fabric,0.7704,0.0596,0.0512,22.4,112.0,1
SUP-00839,Mckinney-Wallace,China,packaging,0.9232,0.0317232668036423,0.0259199198011689,13.6,141.0,0
SUP-00090,Moore-Bass,Vietnam,dye_chemicals,0.7688,0.0572,0.0535,25.7,138.0,1
SUP-00662,"Robinson, Jones and Henderson",Pakistan,packaging,0.9047,0.0273,0.0284,16.4,100.0,0
SUP-00328,Rodriguez-Hall,Indonesia,dye_chemicals,0.773,0.0243,0.0249,18.9,110.0,1
SUP-00367,"Le, Lewis and Hayes",Vietnam,buttons,0.96,0.0409,0.071,16.1,129.0,0
SUP-00229,Rowe Group,China,fabric,0.8751,0.06,0.0358,17.6,93.0,0
SUP-00975,"Adkins, Wright and Murray",Indonesia,thread,0.9242,0.0174,0.0234,12.0,149.0,0
SUP-00755,"Sanders, Ayala and Johnson",Indonesia,dye_chemicals,0.9686,0.0154,0.0253,9.9,104.0,0
SUP-00040,"Romero, Gonzalez and Brooks",Indonesia,buttons,0.873,0.0655,0.049,20.8,107.0,1
SUP-00272,"Suarez, Shields and Hill",Indonesia,buttons,0.775,0.0342,0.0647,29.1,46.0,1
SUP-00885,Lewis Inc,Vietnam,fabric,0.8809999999999999,0.0192,0.0301,9.7,176.0,0
SUP-00375,"Hoffman, Santiago and Jenkins",Pakistan,thread,0.834,0.03665,0.0542,18.6,58.0,1
SUP-00146,Stafford Inc,Sri Lanka,packaging,0.7791,0.0405,0.0697,23.3,108.0,1
SUP-00698,"Calderon, Williams and Bennett",China,dye_chemicals,0.8268,0.097,0.0626,30.5,104.0,1
SUP-00587,Whitney PLC,Bangladesh,thread,0.9990000000000001,0.0,0.0212,7.5,152.0,0
SUP-00921,"Ashley, Allen and Sanchez",Indonesia,packaging,0.8791,0.03345,0.0277,22.2,72.0,1
SUP-00590,"Patton, Parsons and Lane",Bangladesh,zippers,0.881,0.0327,0.0549,19.7,64.0,1
SUP-00263,Martinez-Dudley,India,packaging,0.7507,0.0719,0.0385,21.6,105.0,1
SUP-00282,Hughes-Alvarado,India,trims,0.7795,0.0807,0.033299999999999996,24.6,113.0,1
SUP-00206,Freeman-Chang,Sri Lanka,trims,0.8845,0.0512,0.0303,16.75,141.0,1
SUP-00302,Estrada-Nolan,Pakistan,zippers,0.8831,0.0389,0.0494,12.3,111.0,0
SUP-00463,"Taylor, Wright and Davidson",Indonesia,fabric,0.926,0.0099,0.0356,13.9,129.0,0
SUP-00007,Blake and Sons,Vietnam,fabric,0.851,0.0461,0.0042,14.1,113.0,0
SUP-00356,Strickland-Palmer,China,fabric,0.9784,0.0402,1.0,15.3,124.0,0
SUP-00673,Nunez-Stephens,Vietnam,buttons,0.873,0.0143,0.0246,19.4,87.0,0
SUP-00385,"Farmer, Dorsey and Bell",Vietnam,zippers,0.8268,0.0114,0.0373,23.8,161.0,0
SUP-00962,Haynes-Moss,Vietnam,fabric,0.9,0.0119,0.0356,15.7,62.0,0
SUP-00475,Blake Group,Indonesia,thread,0.872,0.0036,0.0248,19.8,129.0,0
SUP-00619,Smith PLC,India,dye_chemicals,0.8831,0.0156,0.0197,15.3,101.0,0
SUP-00181,Wells Inc,Bangladesh,thread,0.7271,0.0698,0.048,23.3,49.0,1
SUP-00327,Richards-Carson,Vietnam,zippers,0.9208,0.0179,0.0223,18.9,130.0,0
SUP-00108,Dickson-Brady,China,dye_chemicals,0.855,0.0407,0.0176,16.8,71.0,0
SUP-00583,Martin-Ewing,Bangladesh,packaging,0.905,0.0561,0.0393,30.5,144.0,0
SUP-00208,Davis and Sons,Bangladesh,fabric,0.8221,0.035,0.0229,14.3,26.0,1
SUP-00215,"Washington, Hardy and Bray",China,zippers,0.8723,0.0378,0.0173,7.5,87.0,0
SUP-00271,"Thomas, Lee and Greene",China,buttons,0.943,0.0274,0.0034,15.2,147.0,1
SUP-00550,Miller Ltd,Indonesia,thread,0.9561,0.03665,0.031,17.0,150.0,0
SUP-00912,Matthews Inc,Sri Lanka,trims,0.9222,0.0018,0.0189,8.5,165.0,0
SUP-00929,Nelson-Brown,Sri Lanka,fabric,0.887,0.0402,0.0804,30.4,94.0,1
SUP-00047,Anderson Group,China,buttons,0.9592,0.0486,0.0258,20.1,110.0,0
SUP-00533,Johnson-Spencer,Bangladesh,trims,0.687,0.1065,0.0683,31.3,106.0,1
SUP-00141,Hernandez Inc,Sri Lanka,fabric,0.8648,0.0447,0.0465,19.9,61.0,1
SUP-00422,"Cole, Glass and Cunningham",Pakistan,dye_chemicals,0.8179,0.0298,0.0052,11.4,140.0,1
SUP-00511,Mendez-Graham,Bangladesh,packaging,0.8791,0.03345,0.0545,26.6,122.0,1
SUP-00210,"Wood, Tran and Cooper",Vietnam,packaging,0.8975,0.0538,0.0239,12.6,16.0,0
SUP-00651,Gill Ltd,Sri Lanka,dye_chemicals,0.9374,0.0361,0.0378,17.0,162.0,0
SUP-00408,Roberts-Sullivan,Indonesia,buttons,0.9368,0.0288,0.0282,15.1,35.0,0
SUP-00779,Alexander-Jordan,Vietnam,buttons,0.813,0.0082,0.0247,14.8,110.0,0
SUP-00840,Miller Inc,Sri Lanka,thread,0.8815,0.0551,0.0228,17.1,123.0,0
SUP-00949,Hernandez Group,Bangladesh,thread,0.8171,0.0503,0.0723,23.7,110.0,1
SUP-00553,May-Turner,Vietnam,packaging,0.6615,0.0523,0.0448,22.8,113.0,1
SUP-00069,Russell Group,Indonesia,thread,0.8646,0.0265,0.0312929200307689,7.3,142.0,1
SUP-00829,Allen Inc,Pakistan,fabric,0.8975,0.0431,0.0379,15.95,109.0,1
SUP-00417,"Mullen, Brewer and Hernandez",Pakistan,dye_chemicals,0.9257,0.0091,0.0151,15.2,105.0,0
SUP-00861,"Morris, Wright and Bridges",Bangladesh,thread,0.877,0.026,0.0312929200307689,17.0,106.0,1
SUP-00837,Lee Group,Sri Lanka,dye_chemicals,0.902,0.0492,0.0398,15.0,155.0,1
SUP-00017,James Group,Bangladesh,packaging,0.9562,0.0315,0.0249,10.7,41.0,0
SUP-00562,Wright-Davis,Vietnam,zippers,0.8417,0.0423,0.03715,16.7,99.0,1
SUP-00971,Hernandez-Dawson,Vietnam,zippers,0.9295,0.0394,0.0305,15.3,70.0,0
SUP-00776,"Weber, Wheeler and Gonzalez",Indonesia,fabric,0.8777,0.0402,0.005,9.2,68.0,0
SUP-00406,Atkins PLC,India,thread,0.9122,0.03665,0.039,17.5,121.0,0
SUP-00250,Ruiz Ltd,China,dye_chemicals,0.9298,0.0304,0.0,16.7,66.0,0
SUP-00315,"Becker, Taylor and Davis",Vietnam,fabric,0.7767,0.072,0.0618,28.2,90.0,1
SUP-00504,"Jimenez, Glass and Stone",Bangladesh,dye_chemicals,0.778,0.0764,0.064,22.4,164.0,1
SUP-00103,"Mckee, Gardner and Davenport",Sri Lanka,dye_chemicals,0.9405,0.0097,0.0304,13.5,104.0,0
SUP-00811,"Chavez, Jones and Williams",Sri Lanka,trims,0.8045,0.05,0.033299999999999996,22.3,78.0,0
SUP-00371,Mcdaniel Group,India,trims,0.8127,0.0151,0.0314,20.4,169.0,0
SUP-00148,"Holmes, Williams and Wright",Indonesia,thread,0.9,0.0482,1.0,18.0,129.0,1
SUP-00028,"Hoffman, Baker and Richards",Pakistan,zippers,0.9067,0.04,0.03715,5.9,103.0,1
SUP-00073,Henderson-Bernard,India,trims,0.8464,0.0012,0.0279,12.7,183.0,0
SUP-00142,Riggs PLC,Indonesia,trims,0.9354,0.035,0.0431,15.2,102.0,0
SUP-00310,Smith-Grimes,Sri Lanka,fabric,0.9309999999999999,0.0406,0.0356,16.0,144.0,1
SUP-00636,Thompson Ltd,Vietnam,packaging,0.9954,0.0246,0.0191,15.1,116.0,0
SUP-00822,Diaz and Sons,China,packaging,0.8590000000000001,0.0291,0.043,12.2,102.0,0
SUP-00384,"Gallegos, Adams and White",Vietnam,packaging,0.9351,0.03345,0.0156,16.0,70.0,0
SUP-00705,Sanders and Sons,Pakistan,packaging,0.8972,0.0281,0.0058,8.2,162.0,0
SUP-00414,Cook and Sons,Bangladesh,thread,0.9298,0.03665,0.0528,17.0,130.0,0
SUP-00159,Mccarthy Inc,Bangladesh,dye_chemicals,0.9086,0.0165,0.0405,18.7,134.0,0
SUP-00521,Johnson and Sons,China,packaging,0.8145,0.03345,0.0184,17.8,75.0,1
SUP-00952,Blake Group,Bangladesh,zippers,0.887,0.0305,0.0074,10.7,114.0,0
SUP-00403,"Hall, Hansen and Barnett",China,zippers,0.8218,0.0818,0.048,16.7,144.0,1
SUP-00482,Carlson-Smith,China,dye_chemicals,0.9754,0.0456,0.0369,11.7,113.0,0
SUP-00525,Gonzalez-Taylor,Bangladesh,thread,0.855,0.0292,0.0226,16.0,153.0,0
SUP-00369,Perry-Davis,Bangladesh,thread,0.8329,0.0215,0.0271,17.2,146.0,0
SUP-00597,Salas-Fitzgerald,Sri Lanka,buttons,0.8618,0.0443,0.0324,19.1,134.0,1
SUP-00667,"Stuart, Brooks and Vance",India,packaging,0.8791,0.0464,0.0,19.0,63.0,0
SUP-00740,Miller Group,Indonesia,fabric,0.935,0.0346233858767683,0.03431293596492,21.7,29.0,0
SUP-00545,"Jacobson, Singleton and King",India,zippers,0.7959999999999999,0.061,0.0583,31.1,139.0,1
SUP-00994,"Wright, Mcknight and Stephens",China,fabric,0.9857,0.0451,0.0057,3.6,108.0,0
SUP-00190,"Burke, Martinez and Riggs",Indonesia,dye_chemicals,0.9790000000000001,0.0264,0.0085,7.9,28.0,0
SUP-00524,"Griffin, Davies and Mitchell",India,trims,0.9808,0.0095,0.0127,19.7,147.0,0
SUP-00574,Williams-Williams,Sri Lanka,thread,0.9552,0.0032,0.0056,4.1,71.0,0
SUP-00382,Bruce-Villegas,India,dye_chemicals,0.8345,0.0465,0.0531,20.4,169.0,1
SUP-00133,"Bentley, Byrd and Orr",Indonesia,zippers,0.9856,0.0425,0.0218,17.4,186.0,0
SUP-00655,Murphy PLC,Indonesia,thread,0.8713,0.03665,0.0799,24.6,76.0,1
SUP-00997,Durham-Shaw,Indonesia,thread,0.8713,0.049,0.0265,14.8,120.0,0
SUP-00193,Short-Garcia,India,buttons,0.85,0.0506,0.0137,16.0,71.0,0
SUP-00517,Reyes-Bradley,India,zippers,0.8879,0.0159,0.0429,16.7,90.0,0
SUP-00947,Vargas-Snyder,India,thread,0.8386,0.049,0.0499,17.2,60.0,1
SUP-00757,Kelly Group,India,trims,0.916,0.0307,0.0391,14.8,106.0,0
SUP-00668,Kane-Knox,China,packaging,0.9807,0.0285,0.017,8.3,76.0,0
SUP-00444,Collins Group,Bangladesh,zippers,0.8819,0.0336,0.0556,17.5,73.0,1
SUP-00279,Pollard and Sons,India,dye_chemicals,0.8152,0.0694,0.0544,19.5,92.0,1
SUP-00883,Barber-Fischer,Indonesia,buttons,0.8077,0.0342,0.0714,16.0,157.0,1
SUP-00196,"Nelson, Morton and Medina",Indonesia,packaging,0.7283,0.0585,0.0463,20.3,79.0,1
SUP-00151,Salazar-Ball,Vietnam,packaging,0.7542,0.0585,0.0776,22.7,79.0,1
SUP-00307,Castaneda-Rodriguez,Sri Lanka,fabric,0.802,0.0627,0.0543,17.9,153.0,1
SUP-00555,Evans-Jones,Pakistan,buttons,0.8847,0.025,0.0209,17.6,149.0,1
SUP-00135,Mitchell-Jordan,Bangladesh,fabric,0.999,0.0402,0.0436,13.7,99.0,0
SUP-00977,Anderson Group,Sri Lanka,zippers,0.7412,0.106,0.0996,22.4,63.0,1
SUP-00097,Wagner-King,China,thread,0.889,0.0357,0.0018,11.7,88.0,0
SUP-00025,"Walter, Edwards and Rios",China,fabric,0.8340000000000001,0.0355,0.0396,17.9,100.0,0
SUP-00183,Jackson-Lawson,Pakistan,thread,0.8059999999999999,0.0364,0.0313,21.1,97.0,0
SUP-00669,Miller-Brandt,Pakistan,thread,0.8553,0.03665,0.0361,20.3,47.0,0
SUP-00496,Carter Inc,Pakistan,thread,0.7924,0.0557,0.054,20.4,137.0,1
SUP-00044,Allen-Allen,Sri Lanka,thread,0.8558,0.0,0.022,11.2,130.0,0
SUP-00322,Brock-Mcdonald,Indonesia,trims,0.8857,0.0339,0.0122,7.3,153.0,0
SUP-00116,Walker Ltd,India,fabric,0.8751,0.0558,0.0505,14.6,138.0,1
SUP-00887,"Wallace, Smith and Cooper",China,buttons,0.8166,0.047,0.0407,17.6,98.0,0
SUP-00852,"Norris, Callahan and Bishop",Indonesia,dye_chemicals,0.8879,0.0211,0.0433,24.0,115.0,0
SUP-00424,Hernandez-Jones,Indonesia,trims,0.8644,0.029,0.0476,12.7,103.0,1
SUP-00595,Hernandez-Vaughn,Indonesia,buttons,0.816,0.0731,0.041,22.0,125.0,0
SUP-00515,"Gregory, Kim and Martinez",Pakistan,zippers,0.83,0.0088,0.0092,12.7,57.0,0
SUP-00683,"Holder, Young and Hendricks",India,dye_chemicals,0.7877,0.0446,0.0193,17.0,67.0,0
SUP-00972,Foster-Williams,China,fabric,0.8343,0.0551,0.0275,16.0,61.0,0
SUP-00820,Goodwin-Stokes,India,buttons,0.8202,0.0372,0.0264,16.6,26.0,0
SUP-00714,Hudson-Sanchez,Pakistan,buttons,0.9145,0.0,0.0356,16.1,164.0,0
SUP-00707,"Howard, Green and Hunt",Bangladesh,dye_chemicals,0.8642,0.0444,0.0541,13.5,110.0,0
SUP-00541,"Matthews, Saunders and Anderson",Indonesia,thread,0.8678,0.0269,0.0324,26.2,105.0,0
SUP-00058,"Johnston, Sanchez and Kennedy",Indonesia,packaging,0.8578,0.03345,0.0544,11.7,105.0,0
SUP-00582,"Barry, Taylor and Velazquez",Vietnam,dye_chemicals,0.7778,0.0524,0.0381,22.8,62.0,1
SUP-00786,Vargas PLC,India,thread,0.826,0.0561,0.0493,23.8,81.0,1
SUP-00242,Larson-Holloway,Indonesia,packaging,0.8713,0.0647,0.0341,8.3,66.0,0
SUP-00497,Blackwell LLC,Indonesia,buttons,0.9042,0.0607,0.0106,14.8,81.0,0
SUP-00656,Wilson-Harris,Pakistan,dye_chemicals,0.8647,0.03605,0.0353,18.2,104.0,0
SUP-00749,Hickman-Evans,Sri Lanka,buttons,0.867,0.0159,0.0083,21.1,76.0,0
SUP-00273,Morgan-French,Indonesia,fabric,0.828,0.0402,0.0039,8.3,105.0,1
SUP-00709,"Harrison, Franco and Rocha",Vietnam,thread,0.91,0.0418,0.0334,15.2,68.0,0
SUP-00974,Crane Group,India,buttons,0.8165,0.0386,0.0663,19.9,140.0,1
SUP-00312,Parsons-Hall,China,trims,0.8759,0.0,0.0074,10.5,98.0,0
SUP-00352,Guerrero Inc,India,trims,0.823,0.0294,0.022,16.75,127.0,1
SUP-00265,Tran Inc,China,packaging,0.87,0.03345,0.0318,11.2,38.0,0
SUP-00762,"Moore, Price and Ward",China,thread,0.8073,0.0317,0.0354,13.0,169.0,0
SUP-00766,Hawkins-Hunt,Pakistan,buttons,0.8781,0.0347,0.0408,14.6,110.0,0
SUP-00986,Reyes Group,Indonesia,trims,0.999,0.0337,0.0115,10.5,171.0,0
SUP-00450,Jones Inc,China,dye_chemicals,0.9119,0.025,0.036,13.1,127.0,0
SUP-00473,Moody-Taylor,Vietnam,fabric,0.9267,0.0017,0.0155,18.7,38.0,0
SUP-00462,Burch-Montoya,India,thread,0.849,0.0698,0.0616,17.0,42.0,1
SUP-00907,Cruz-Allen,Vietnam,zippers,0.9254,0.0383,0.0,14.0,204.0,0
SUP-00835,Edwards Group,Pakistan,dye_chemicals,0.8369,0.0352,0.036,19.0,102.0,0
SUP-00731,Rodriguez Inc,Sri Lanka,packaging,0.9138,0.0184,0.0273,5.3,105.0,0
SUP-00689,David-Powers,Indonesia,zippers,0.945,0.0163,0.0173,5.8,170.0,0
SUP-00068,Novak and Sons,China,buttons,0.9142,0.0074,0.0244,14.8,133.0,0
SUP-00447,"Henderson, Cox and Cox",Pakistan,thread,0.8445,0.0307,0.0238,16.7,56.0,1
SUP-00442,Rangel LLC,Bangladesh,buttons,0.856,0.0433,0.0546,22.4,110.0,1
SUP-00350,"Smith, Garrison and Thomas",Bangladesh,dye_chemicals,0.8659,0.0472,0.0262,20.0,94.0,1
SUP-00280,"Reyes, Chase and Jenkins",Pakistan,buttons,0.8149,0.0766,0.0458,35.0,105.0,1
SUP-00826,Bruce-Williamson,Bangladesh,dye_chemicals,0.9898,0.0085,0.0387,18.1,144.0,1
SUP-00249,Johnston-Hines,Vietnam,thread,0.8697,0.03665,0.0252,9.7,51.0,0
SUP-00919,"Walters, Davenport and Becker",Sri Lanka,trims,0.9483,0.0176,0.0277,19.0,124.0,0
SUP-00413,"Miller, Harrell and Reese",India,dye_chemicals,0.8082,0.03605,0.0531,20.5,117.0,1
SUP-00783,Faulkner-Casey,Bangladesh,trims,0.9385,0.0031,0.0632,14.7,110.0,0
SUP-00064,"West, Henderson and Ramirez",Pakistan,zippers,0.8207,0.0336,0.0498,22.4,56.0,1
SUP-00281,Garner-Thornton,Bangladesh,fabric,0.966,0.0357,0.0295,15.0,102.0,1
SUP-00657,"Burns, Nolan and Griffin",Vietnam,fabric,0.8751,0.0656,0.0411,20.1,95.0,0
SUP-00033,"Ferrell, Rice and Maddox",Bangladesh,fabric,0.8751,0.0456,0.0621,8.1,90.0,1
SUP-00824,Rose-Fowler,Pakistan,buttons,0.8734500000000001,0.0497,0.0211,15.0,140.0,0
SUP-00925,"Smith, Crawford and Reed",Pakistan,thread,0.9406,0.0262,0.0,17.3,105.0,0
SUP-00872,Kelley-Anderson,China,buttons,0.7749,0.0532,0.0504,23.6,184.0,0
SUP-00084,"Edwards, Baker and Anderson",India,dye_chemicals,0.985,0.0077,0.0,10.9,106.0,0
SUP-00727,"Durham, Hopkins and Smith",Vietnam,packaging,0.91,0.0189,0.0,16.0,138.0,0
SUP-00928,"Tanner, Wise and Johnson",Indonesia,thread,0.94,0.01,0.0,14.1,99.0,0
SUP-00213,Stewart Ltd,Indonesia,packaging,0.8541,0.0497,0.0271,10.2,61.0,0
SUP-00886,Wheeler PLC,Sri Lanka,dye_chemicals,0.9438,0.0381,0.063,15.1,132.0,0
SUP-00790,Fuentes Group,China,packaging,0.8244,0.0469,0.0513,21.1,119.0,1
SUP-00955,Dawson Inc,Indonesia,thread,0.6699,0.0524,0.0312929200307689,23.7,79.0,1
SUP-00879,Baxter LLC,Bangladesh,zippers,0.8556,0.0365,0.0107,12.8,104.0,0
SUP-00466,Cole-Palmer,China,dye_chemicals,0.8778,0.063,0.036,17.0,146.0,1
SUP-00118,Rasmussen LLC,Sri Lanka,fabric,0.999,0.0227,0.0356,13.1,100.0,0
SUP-00791,"Porter, Schultz and Allen",China,trims,0.8886,0.0135,0.0316,17.3,58.0,0
SUP-00197,Marshall-Petersen,Sri Lanka,trims,0.8935,0.0265,0.0044,20.7,155.0,0
SUP-00008,"Henderson, Ramirez and Lewis",Vietnam,thread,0.8495,0.0507,0.0322,11.9,57.0,0
SUP-00868,"Stanton, Reid and Terry",Sri Lanka,dye_chemicals,0.9606,0.0054,0.0038,15.2,89.0,0
SUP-00390,Moore-Collins,Vietnam,thread,0.9725,0.0239,0.0312929200307689,13.5,60.0,0
SUP-00001,"Rodriguez, Figueroa and Sanchez",Indonesia,fabric,0.7871,0.0149,0.0339,14.8,104.0,0
SUP-00222,Harrison-Alexander,China,dye_chemicals,0.8364,0.0389,0.0764,17.4,71.0,1
SUP-00341,Garcia-Jennings,Vietnam,dye_chemicals,0.999,0.0174,0.041,15.9,45.0,0
SUP-00613,"Scott, Mendoza and Harris",India,thread,0.9208,0.0196,0.0301,16.5,84.0,1
SUP-00256,"Johnson, Miller and King",India,trims,0.8868,0.0558,0.033299999999999996,19.3,120.0,0
SUP-00503,Morgan-Lopez,Bangladesh,thread,0.8533,0.0387,0.0549,20.6,96.0,1
SUP-00253,Bailey-Cook,Pakistan,zippers,0.7915,0.0234,0.0674,20.9,138.0,1
SUP-00004,Davis and Sons,India,buttons,0.8522,0.0302,0.0229,19.4,148.0,0
SUP-00074,"Stanley, Tucker and Lee",Vietnam,packaging,0.8626,0.0322,0.0444,23.7,85.0,1
SUP-00026,Wilkerson-Day,Sri Lanka,thread,0.8835,0.0182,0.0312929200307689,10.8,125.0,0
SUP-00654,"Leach, Harris and Herrera",Bangladesh,zippers,0.848,0.0433,0.0525,24.8,114.0,1
SUP-00821,Ray PLC,Pakistan,packaging,0.9414,0.0128,0.0347,11.7,142.0,1
SUP-00358,"Williams, Logan and Camacho",India,trims,0.8539,0.035,0.0133,16.75,75.0,1
SUP-00261,Wolf-Harris,Sri Lanka,fabric,0.9527,0.0336,0.0223,14.4,64.0,0
SUP-00216,"Carlson, Hooper and Wall",India,trims,0.81,0.0189,0.0,10.6,74.0,0
SUP-00308,Armstrong-Andrews,China,buttons,0.8543,0.0371,0.0302,27.9,124.0,0
SUP-00676,Johnson Ltd,Sri Lanka,fabric,0.8751,0.0172,0.0356,18.9,134.0,0
SUP-00808,Bailey LLC,Pakistan,trims,0.797,0.0602,0.0748,22.1,111.0,1
SUP-00121,White-Estes,Pakistan,packaging,0.934,0.0273,0.0264,12.5,54.0,0
SUP-00416,"Hicks, Bullock and Bailey",Indonesia,fabric,0.7392,0.0395,0.0691,35.0,72.0,1
SUP-00927,Brady LLC,Sri Lanka,thread,0.774,0.0663,0.0574,18.3,50.0,1
SUP-00560,Anderson-Wood,India,zippers,0.767,0.0275,0.041,15.3,114.0,1
SUP-00283,"Pollard, Simpson and Johnson",China,dye_chemicals,0.7833,0.03605,0.036,16.7,85.0,0
SUP-00066,Morton-Chase,Sri Lanka,buttons,0.8734500000000001,0.0192,0.0393,6.5,126.0,0
SUP-00304,Jones LLC,Vietnam,thread,0.74,0.0587,0.0939,28.6,54.0,1
SUP-00317,"Diaz, Anderson and Browning",India,zippers,0.885,0.0255,0.0587,16.7,108.0,0
SUP-00027,Baker and Sons,Sri Lanka,zippers,0.778,0.0466,0.0494,19.6,84.0,1
SUP-00694,Faulkner-Grant,Bangladesh,buttons,0.9728,0.0143,0.018,21.5,119.0,0
SUP-00712,Tran-Silva,Vietnam,thread,0.812,0.0651,0.0418,19.6,49.0,1
SUP-00842,Medina and Sons,Indonesia,trims,0.9005,0.0281,0.0467,14.5,152.0,0
SUP-00816,Lopez Ltd,Indonesia,buttons,0.7747,0.0439,0.0316,15.4,121.0,1
SUP-00537,"Mendoza, Jenkins and Ortiz",Vietnam,packaging,0.81,0.009,0.0,10.3,76.0,0
SUP-00361,Henry Group,India,fabric,0.861,0.0564,0.0665,20.7,37.0,1
SUP-00494,"Marshall, Dominguez and Welch",Sri Lanka,thread,0.8664,0.012,0.0404,14.5,103.0,1
SUP-00507,"Carter, Garcia and Murphy",Pakistan,buttons,0.999,0.03,0.0301,16.8,60.0,0
SUP-00641,Young-Molina,Pakistan,buttons,0.9075,0.0225,0.0526,14.5,114.0,0
SUP-00451,"Wise, Conley and Stephenson",Sri Lanka,thread,0.8943,0.0391,0.0352,16.4,106.0,1
SUP-00765,Miller Group,Vietnam,trims,0.835,0.0207,0.0347,12.0,102.0,0
SUP-00499,"Kennedy, Johnson and Lucas",Indonesia,packaging,0.8548,0.0592,0.0156,17.6,92.0,0
SUP-00943,Cline-Ayala,Indonesia,dye_chemicals,0.7799,0.0686,0.0772,24.3,137.0,1
SUP-00513,"Sullivan, Palmer and Brady",Bangladesh,zippers,0.8761,0.0307,0.0572,13.1,81.0,1
SUP-00227,Miller-Wright,India,packaging,0.999,0.0075,0.0,16.25,141.0,1
SUP-00011,Blair PLC,India,packaging,0.7411,0.0296,0.0273,16.3,111.0,1
SUP-00756,Bowers-Hayes,Sri Lanka,thread,0.8705,0.053,0.0709,22.0,114.0,1
SUP-00432,"Lopez, Jacobs and Mason",Pakistan,thread,0.7819,0.043193310285003,0.0419712874161414,17.0,47.0,1
SUP-00573,Luna-Gallagher,Sri Lanka,dye_chemicals,0.828,0.0469,0.0453,24.5,65.0,1
SUP-00853,Martin-Taylor,Bangladesh,trims,0.7226,0.0593,0.033299999999999996,21.5,58.0,1
SUP-00410,Collier-Gillespie,Bangladesh,zippers,0.9286,0.0673,0.0464,17.4,105.0,0
SUP-00434,"Miller, Lucas and Williams",Pakistan,thread,0.6937,0.1025,0.0363,19.8,44.0,1
SUP-00239,"Guerrero, Peck and Coleman",Indonesia,fabric,0.9124,0.0365,0.0113,9.6,119.0,1
SUP-00374,"Watson, Anderson and Brown",Pakistan,fabric,0.8921,0.0402,0.0093,12.2,122.0,0
SUP-00412,Graham Group,Bangladesh,fabric,0.8908,0.0266,0.0363,14.3,97.0,0
SUP-00470,Hughes Inc,Sri Lanka,dye_chemicals,0.8182,0.0653,0.0837,19.7,126.0,1
SUP-00858,"Ochoa, Taylor and Brady",Bangladesh,fabric,0.7391,0.060600066129076,0.0619127604423034,13.6,78.0,1
SUP-00098,Davis Group,India,thread,0.8458,0.018,0.0134,19.0,89.0,1
SUP-00458,Young-Allen,Sri Lanka,buttons,0.9002,0.0089,0.0092,15.4,74.0,0
SUP-00778,Cook-Oliver,China,trims,0.8522,0.0299,0.0339,8.8,73.0,0
SUP-00245,"Fernandez, Kim and George",India,trims,0.8792,0.036,0.0366,13.1,139.0,0
SUP-00021,Gray-Mayo,India,trims,0.8759,0.045,0.033299999999999996,17.9,53.0,0
SUP-00703,Burgess Group,Sri Lanka,zippers,0.7904,0.0583,0.0882,20.5,76.0,1
SUP-00558,Edwards Ltd,China,fabric,0.7617,0.0658,0.0366,25.0,78.0,1
SUP-00469,Brown-Shaw,Indonesia,trims,0.9468,0.0411,0.033299999999999996,14.4,170.0,0
SUP-00437,Ortiz-Morgan,Bangladesh,packaging,0.9670000000000001,0.0269,0.0369,14.5,121.0,0
SUP-00423,"Downs, Morris and Maddox",Bangladesh,packaging,0.8689,0.0579,0.0005,15.0,106.0,0
SUP-00692,Atkinson LLC,India,thread,0.8702,0.0414,0.0453,20.4,129.0,1
SUP-00477,Scott and Sons,India,fabric,0.8704,0.0428,0.0273,10.4,69.0,0
SUP-00621,Santos-Avila,Indonesia,dye_chemicals,0.815,0.0481,0.036,20.9,52.0,1
SUP-00832,Lopez-Reid,India,dye_chemicals,0.8115,0.0548,0.0527,23.8,87.0,1
SUP-00862,Burns-Ray,China,trims,0.985,0.0166,0.0048,16.75,123.0,0
SUP-00386,Kane PLC,Pakistan,thread,0.9441,0.0295,0.021,5.5,142.0,0
SUP-00536,Parker Ltd,China,thread,0.7801,0.0474,0.0748,19.5,105.0,1
SUP-00720,"Bernard, Warren and Combs",Indonesia,thread,0.7809999999999999,0.0509,0.0159,18.2,105.0,1
SUP-00568,Landry PLC,China,thread,0.9396,0.03665,0.0221,14.4,141.0,1
SUP-00708,Owens-Lang,India,thread,0.887,0.0444,0.0286,21.0,95.0,0
SUP-00376,"Pugh, Henderson and Moon",India,buttons,0.8673,0.0287,0.0342,14.9,88.0,0
SUP-00461,Strickland-Shaw,India,buttons,0.8734500000000001,0.0499,0.0215,18.8,153.0,1
SUP-00262,"Anderson, Roberts and Gilmore",Sri Lanka,trims,0.999,0.036,0.0,9.2,137.0,0
SUP-00659,Bryant-Brown,China,zippers,0.9592,0.0347,0.0269,16.1,82.0,0
SUP-00991,Andrade-Mendoza,India,zippers,0.843,0.0343,0.0336,23.9,133.0,1
SUP-00539,Owens-Holmes,Indonesia,packaging,0.9738,0.0069,0.0175,10.7,107.0,0
SUP-00459,Mckee-Lee,India,dye_chemicals,0.8405,0.0394,0.0247,22.2,69.0,1
SUP-00100,Walsh LLC,Indonesia,zippers,0.8074,0.0424,0.0452,18.4,138.0,1
SUP-00793,Ewing-Mendoza,Pakistan,trims,0.9117,0.0259,0.0205,13.3,209.0,0
SUP-00527,Osborn-Cochran,India,trims,0.8996,0.0254,0.0258,14.4,105.0,0
SUP-00825,"Price, Long and Wilson",China,dye_chemicals,0.8915,0.0333,0.0412,17.2,112.0,0
SUP-00200,Christensen PLC,Bangladesh,packaging,0.8763,0.0262,0.0255,16.0,122.0,0
SUP-00953,"Acosta, Garcia and Moreno",Indonesia,zippers,0.873,0.0147,0.0256,11.1,116.0,1
SUP-00717,Murray-Oconnor,India,dye_chemicals,0.8921,0.0477,0.0362,15.2,97.0,0
SUP-00490,Cooper Ltd,Vietnam,trims,0.8522,0.0615,0.0,19.1,98.0,1
SUP-00882,Williams Ltd,Bangladesh,fabric,0.8270000000000001,0.0709,0.0531,24.5,120.0,1
SUP-00031,Burton Ltd,Indonesia,thread,0.8713,0.065,0.0549,17.5,75.0,0
SUP-00313,Robinson-Lee,Pakistan,zippers,0.929,0.0442,0.0432,9.6,118.0,0
SUP-00493,Li-Thompson,Pakistan,thread,0.8270000000000001,0.035,0.0311,21.9,143.0,0
SUP-00270,Baird-Sanchez,Pakistan,fabric,0.9882,0.0402,0.0201,11.4,75.0,1
SUP-00578,Brooks-Hatfield,India,buttons,0.7759999999999999,0.0535,0.0,19.8,54.0,1
SUP-00465,"Rosales, Mitchell and Hines",Bangladesh,trims,0.8328,0.0291,0.0816,16.75,111.0,1
SUP-00805,"Hernandez, Cuevas and Webb",India,packaging,0.8189,0.03345,0.0016,12.9,120.0,0
SUP-00354,"Morris, Thompson and Williams",Vietnam,trims,0.8805,0.0013,0.0046,10.1,61.0,0
SUP-00360,Boone-Simmons,Pakistan,buttons,0.8154,0.0544,0.0221,18.0,113.0,0
SUP-00871,Adams-Clayton,Sri Lanka,trims,0.9359999999999999,0.0167,0.0,10.9,85.0,0
SUP-00710,Edwards-Williams,China,zippers,0.9313,0.0197,0.031,19.8,97.0,1
SUP-00874,Williams Ltd,India,dye_chemicals,0.888,0.0193,0.0421,15.0,149.0,0
SUP-00869,Flynn Group,Bangladesh,packaging,0.9944,0.0196,0.0403,7.6,115.0,0
SUP-00448,Bean LLC,China,dye_chemicals,0.8447,0.0214,0.036,17.0,80.0,0
SUP-00844,Dunn-Wilson,Bangladesh,dye_chemicals,0.924,0.0031,0.0211,8.8,96.0,0
SUP-00338,Bass PLC,Indonesia,buttons,0.8747,0.0222,0.0256,17.2,89.0,0
SUP-00531,Hicks-Martinez,Sri Lanka,fabric,0.999,0.0,0.0,9.9,120.0,0
SUP-00622,Morris-Brewer,Vietnam,zippers,0.9229999999999999,0.0349,0.0,12.1,119.0,0
SUP-00445,"Conner, Li and Santiago",India,thread,0.999,0.0384,0.0117,10.5,134.0,0
SUP-00286,Bowen Group,Indonesia,dye_chemicals,0.8694,0.032,0.0263,23.6,154.0,1
SUP-00257,Cordova Group,China,buttons,0.9023,0.0419,0.0295,18.2,193.0,0
SUP-00205,Miller Ltd,Sri Lanka,packaging,0.8591,0.0,0.0222,8.8,96.0,1
SUP-00340,"Wood, Ramos and Sampson",China,thread,0.9065,0.0413,0.0253,23.3,118.0,0
SUP-00219,Williams-Brown,Bangladesh,buttons,0.8377,0.0398,0.0426,25.4,45.0,1
SUP-00834,Burns and Sons,Indonesia,thread,0.8952,0.0226,0.0256,10.5,38.0,0
SUP-00941,Walker PLC,Indonesia,fabric,0.8497,0.0515,0.0468,14.5,100.0,0
SUP-00225,Jones-Soto,Vietnam,fabric,0.8145,0.0133,0.0413,5.9,112.0,0
SUP-00519,Hines-Berry,China,zippers,0.9683,0.0496,0.03715,3.0,95.0,1
SUP-00077,"Woods, Calhoun and Schmidt",Vietnam,thread,0.8531,0.03,0.0463,22.8,85.0,0
SUP-00554,Ballard Ltd,China,fabric,0.7542,0.0757,0.0219,21.0,113.0,1
SUP-00726,Williamson Ltd,Sri Lanka,buttons,0.7164,0.0446,0.030449999999999998,24.3,110.0,0
SUP-00359,"Turner, Schneider and Johnson",China,buttons,0.9097,0.0435,0.0036,16.2,94.0,0
SUP-00189,Garcia LLC,Bangladesh,trims,0.8404,0.0253,0.0041,16.75,118.0,0
SUP-00348,Willis and Sons,Bangladesh,trims,0.8348,0.0398,0.033299999999999996,15.2,57.0,0
SUP-00626,Osborn Group,Bangladesh,zippers,0.9198,0.0378,0.0016,22.1,5.0,0
SUP-00321,Coffey-Phillips,Vietnam,trims,0.8499,0.0273,0.033299999999999996,17.0,75.0,0
SUP-00855,"Bell, Campbell and Ryan",Bangladesh,fabric,0.9425,0.0407,0.0408,12.2,156.0,0
SUP-00226,Hernandez PLC,Sri Lanka,packaging,0.8791,0.0351,0.0421,14.0,145.0,0
SUP-00528,Contreras-Mckinney,Bangladesh,trims,0.8541,0.0019,0.0393,15.5,129.0,0
SUP-00780,"Mccann, Taylor and Flores",Sri Lanka,thread,0.865,0.03665,0.0312929200307689,11.9,111.0,0
SUP-00628,Mcdowell-Smith,Bangladesh,thread,0.8014,0.0238,0.01,16.8,119.0,0
SUP-00936,Mora-White,Bangladesh,packaging,0.9246,0.0439,0.0391,15.4,112.0,0
SUP-00170,Hooper PLC,India,zippers,0.9047,0.0,0.0339,16.3,122.0,0
SUP-00884,Rios-Padilla,Indonesia,trims,0.8588,0.0448,0.0469,16.7,14.0,0
SUP-00777,Taylor Inc,Pakistan,thread,0.8706,0.0107,0.0191,16.1,97.0,0
SUP-00309,"Phillips, Spence and Barrett",Vietnam,zippers,0.836,0.0463,0.0519,18.7,106.0,0
SUP-00086,Smith PLC,Vietnam,fabric,0.7764,0.0411,0.0285,12.3,169.0,0
SUP-00134,"Carroll, Sullivan and Bass",Bangladesh,packaging,0.6862,0.0561,0.0621,28.2,76.0,1
SUP-00510,Williams-Berg,India,dye_chemicals,0.8999,0.0515,0.0255,17.0,126.0,0
SUP-00880,Pena LLC,India,fabric,0.9219,0.0402,0.0097,6.7,97.0,0
SUP-00901,Wright PLC,Pakistan,buttons,0.7806,0.0424,0.0595,26.8,108.0,1
SUP-00548,"Moore, Hopkins and Le",Indonesia,buttons,0.9990000000000001,0.0311,0.030449999999999998,7.7,186.0,0
SUP-00022,"Watts, Robinson and Nguyen",Bangladesh,zippers,0.9349,0.0365,0.0,7.6,143.0,0
SUP-00620,Russell Group,China,packaging,0.9746,0.0074,0.0013,15.2,132.0,1
SUP-00452,Stanley PLC,Sri Lanka,trims,0.8492,0.0533,0.031,19.0,93.0,1
SUP-00154,Green-Wright,Pakistan,thread,0.938,0.0585,0.0,16.3,95.0,0
SUP-00389,Bennett Group,Bangladesh,dye_chemicals,0.8273,0.03605,0.0401,24.7,122.0,1
SUP-00331,Reid Group,China,trims,0.7971,0.0485,0.0874,21.5,153.0,1
SUP-00983,Williams Group,Pakistan,packaging,0.9697,0.0,0.0013,9.6,147.0,0
SUP-00173,White-Green,Bangladesh,dye_chemicals,0.8694,0.0097,0.0072,15.4,146.0,0
SUP-00653,"Cox, Stark and Rodriguez",Bangladesh,trims,0.8575,0.0233,0.0559,16.1,74.0,1
SUP-00330,Herman-Walker,China,packaging,0.9209999999999999,0.0378,0.0284,14.8,107.0,0
SUP-00498,Robertson-Hays,Bangladesh,buttons,0.77,0.0631,0.0761,26.8,92.0,1
SUP-00542,"Bartlett, Brown and Martinez",China,zippers,0.8502,0.0227,0.0415,17.2,104.0,0
SUP-00635,Gibbs-Bradley,Pakistan,dye_chemicals,0.8787,0.0489,0.0,18.0,207.0,1
SUP-00702,Giles Ltd,China,dye_chemicals,0.9126,0.0808,0.0465,18.3,58.0,1
SUP-00460,"Valentine, Joyce and Murray",Sri Lanka,packaging,0.885,0.0571,0.0345,22.2,105.0,1
SUP-00695,Price LLC,Vietnam,packaging,0.9259,0.0396,0.0068,14.0,65.0,0
SUP-00747,Ali PLC,Pakistan,packaging,0.8207,0.0247,0.0466,18.3,87.0,0
SUP-00078,Yu Inc,China,buttons,0.78,0.0197,0.0181,6.2,68.0,0
SUP-00944,Murphy-Tran,Vietnam,trims,0.8749,0.0719,0.0449,20.5,84.0,0
SUP-00112,"Shields, Cochran and Adams",China,thread,0.904,0.0396,0.0265,16.0,127.0,0
SUP-00202,White-Lewis,India,fabric,0.9327,0.024,0.0276,12.9,107.0,0
SUP-00566,"Edwards, Hines and Jimenez",Sri Lanka,dye_chemicals,0.9669,0.0,0.017,14.0,104.0,0
SUP-00132,Spencer-Lee,Bangladesh,trims,0.9256,0.0229,0.0419,16.2,50.0,0
SUP-00301,"Thomas, Murray and King",Pakistan,fabric,0.6646,0.0609,0.05,21.4,120.0,1
SUP-00251,Moon-White,Sri Lanka,fabric,0.773,0.0205,0.0322,14.8,125.0,0
SUP-00194,Reid-Poole,China,buttons,0.8437,0.0374,0.014,12.0,122.0,0
SUP-00848,"Greer, Potter and Evans",Sri Lanka,packaging,0.9061,0.0153,0.0339,16.3,138.0,1
SUP-00964,Taylor PLC,Vietnam,zippers,0.9152,0.0376,0.0564,21.1,99.0,0
SUP-00150,"Schmidt, Hansen and Stewart",India,trims,0.874,0.0144,0.0626,16.3,78.0,1
SUP-00203,Peterson-Beard,Vietnam,fabric,0.8179,0.0891,0.047,23.0,116.0,1
SUP-00347,Jones PLC,Bangladesh,thread,0.9588,0.0312,0.0254,15.5,110.0,0
SUP-00794,Ferguson-Mclean,Bangladesh,zippers,0.8288,0.051,0.0315,15.1,167.0,0
SUP-00010,Abbott-Munoz,Sri Lanka,buttons,0.9259999999999999,0.0226,0.0279,16.8,126.0,0
SUP-00166,Medina-Navarro,Sri Lanka,buttons,0.7595,0.0554,0.030449999999999998,17.7,110.0,1
SUP-00849,Cole LLC,Vietnam,zippers,0.9102,0.0252,0.0413,9.8,74.0,0
SUP-00003,"Mcclain, Miller and Henderson",China,buttons,0.8847,0.0495,0.0412,19.1,116.0,1
SUP-00677,Mendez-Mayer,Indonesia,packaging,0.7763,0.0528,0.0625,26.7,129.0,1
SUP-00833,"Ellison, Arias and Thompson",Indonesia,trims,0.7879,0.0194,0.033299999999999996,15.3,113.0,0
SUP-00691,White-Medina,Bangladesh,thread,0.882,0.0376,0.0665,18.2,97.0,1
SUP-00177,Curry Inc,Vietnam,dye_chemicals,0.8885,0.0,0.0105,8.0,133.0,0
SUP-00781,"Harris, Edwards and Oconnell",China,packaging,0.7744,0.0451,0.0634,23.8,107.0,1
SUP-00706,"Morris, Campbell and Owens",Vietnam,trims,0.8984,0.0237,0.0644,14.2,166.0,0
SUP-00468,Wilkerson-Arias,Vietnam,packaging,0.8611,0.052,0.053,23.0,113.0,1
SUP-00896,"Hernandez, Jenkins and Parks",India,dye_chemicals,0.968,0.03605,0.032,12.2,125.0,0
SUP-00243,Gonzales-Harrison,India,zippers,0.999,0.0242,0.0262,7.8,76.0,0
SUP-00652,"Marks, Miller and Griffin",India,zippers,0.8874,0.0002,0.0191,19.0,129.0,0
SUP-00624,"Rodgers, Jefferson and Johnson",Bangladesh,trims,0.8582,0.0539,0.0415,14.0,102.0,0
SUP-00716,Levy-May,Vietnam,thread,0.9685,0.03665,0.0312929200307689,20.1,103.0,0
SUP-00987,Gomez and Sons,Vietnam,fabric,0.77,0.0562,0.0278,18.7,62.0,1
SUP-00873,Kramer-Shannon,Bangladesh,thread,0.9412,0.0149,0.033,7.7,73.0,0
SUP-00218,Erickson and Sons,India,zippers,0.8909,0.0194,0.0186,10.4,131.0,0
SUP-00742,Jacobson Inc,Pakistan,trims,0.8482,0.0512,0.0105,12.3,97.0,0
SUP-00049,Hickman Ltd,India,trims,0.9712,0.0139,0.0136,9.0,86.0,0
SUP-00255,Roberts-Landry,China,dye_chemicals,0.9836,0.03605,0.032,17.0,80.0,1
SUP-00940,Shaw Inc,Sri Lanka,dye_chemicals,0.762,0.0704,0.036,21.6,42.0,1
SUP-00204,"Beard, Peters and Black",Pakistan,buttons,0.8734500000000001,0.037,0.0274,21.8,69.0,0
SUP-00696,Rivera Inc,Indonesia,buttons,0.9001,0.0215,0.0024,14.4,158.0,0
SUP-00951,"Franco, Wiley and Tapia",Sri Lanka,zippers,0.8407,0.0808,0.0398,21.2,126.0,1
SUP-00353,Smith and Sons,Sri Lanka,zippers,0.8966,0.046,0.03715,19.8,60.0,1
SUP-00316,"Lucas, Parker and Alexander",Bangladesh,packaging,0.8686,0.0138,0.019,12.4,139.0,0
SUP-00580,"Morales, Williams and Williams",China,fabric,0.878,0.043,0.0368,16.2,147.0,0
SUP-00428,Jones-Lin,China,thread,0.9136,0.0263,0.0445,14.2,48.0,0
SUP-00275,Monroe-Carpenter,Vietnam,dye_chemicals,0.7223,0.0549,0.059,19.3,167.0,1
SUP-00172,"Alvarado, Miller and Patterson",Pakistan,fabric,0.817,0.0236,0.0356,22.3,111.0,1
SUP-00207,"Alvarez, Joseph and West",Pakistan,buttons,0.948,0.0517,0.030449999999999998,17.2,95.0,0
SUP-00046,Spence PLC,Indonesia,dye_chemicals,0.932,0.0028,0.011,9.7,13.0,0
SUP-00679,Wheeler Group,Indonesia,buttons,0.9063,0.0211,0.0251,10.8,128.0,0
SUP-00614,"Nelson, Hoffman and Nelson",Sri Lanka,packaging,0.9305,0.0406,0.0168,18.6,100.0,0
SUP-00501,"Rivera, Martinez and Richardson",Vietnam,dye_chemicals,0.9647,0.03605,0.0456,16.2,71.0,0
SUP-00449,Lee-Cooke,Pakistan,thread,0.8601,0.0403,0.0338,17.0,44.0,1
SUP-00334,Davis PLC,China,packaging,0.834,0.0228,0.0181,6.3,152.0,0
SUP-00481,Brown-Copeland,Indonesia,dye_chemicals,0.7454,0.0618,0.0626,30.6,104.0,1
SUP-00559,Gross-Valencia,Indonesia,packaging,0.8298,0.0405,0.0341,18.3,110.0,0
SUP-00856,Werner-Carter,India,fabric,0.7674,0.0288,0.0323,14.2,176.0,0
SUP-00648,Mendoza Group,Bangladesh,zippers,0.9397,0.005,0.0,11.6,126.0,0
SUP-00908,"Wheeler, Rice and Levine",Sri Lanka,buttons,0.7498,0.0567,0.0505,23.0,81.0,1
SUP-00769,Smith-Gutierrez,Pakistan,thread,0.7547,0.0619,0.0312929200307689,19.3,141.0,1
SUP-00306,Bruce-Gonzalez,Vietnam,zippers,0.8761,0.0451,0.0673,24.6,118.0,1
SUP-00248,"Matthews, Smith and Hubbard",Pakistan,zippers,0.8982,0.0393,0.0332,20.6,90.0,1
SUP-00182,"Gould, Marshall and Scott",Bangladesh,buttons,0.9722,0.0,0.038,13.7,102.0,0
SUP-00268,Jimenez Ltd,Sri Lanka,zippers,0.8607,0.0373,0.03715,9.7,88.0,0
SUP-00523,Green LLC,India,fabric,0.874,0.0402,0.0468,19.5,87.0,0
SUP-00639,Holden Group,China,packaging,0.8852,0.0193,0.0204,16.2,92.0,1
SUP-00383,"Austin, Day and Johnson",Bangladesh,trims,0.8345,0.0596,0.033299999999999996,27.5,111.0,1
SUP-00680,"Powers, Brennan and Sanchez",China,packaging,0.7304,0.1022,0.0284,29.3,72.0,1
SUP-00018,"Flowers, Martin and Kelly",China,dye_chemicals,0.9157,0.0421,0.0181,9.6,70.0,0
SUP-00557,Marshall-Peterson,China,buttons,0.9652,0.0274,0.0,5.8,183.0,0
SUP-00675,Hill Ltd,Indonesia,thread,0.9438,0.0,0.0486,8.6,196.0,0
SUP-00117,Ross LLC,India,packaging,0.7818,0.03345,0.0371,23.3,42.0,1
SUP-00093,"Garcia, Humphrey and Baker",Indonesia,packaging,0.8791,0.03345,0.0202,17.4,72.0,0
SUP-00782,Carter-Neal,China,trims,0.8901,0.0279,0.0247,11.1,127.0,0
SUP-00633,Simon Ltd,Sri Lanka,fabric,0.7491,0.064,0.0838,15.95,173.0,0
SUP-00623,Pearson and Sons,Bangladesh,fabric,0.9419,0.0221,0.0032,12.5,116.0,0
SUP-00260,Dean-Jimenez,Bangladesh,packaging,0.8528,0.0099,1.0,20.9,62.0,0
SUP-00963,Chavez-Hall,Vietnam,packaging,0.9661,0.0181,0.0238,13.7,12.0,0
SUP-00005,"Guzman, Hoffman and Baldwin",Indonesia,fabric,0.8919,0.0511,0.0297,19.2,104.0,1
SUP-00598,Thornton PLC,India,buttons,0.8997,0.0414,0.0432,11.5,110.0,0
SUP-00818,Cole Group,China,trims,0.8334,0.0365,0.0264,10.7,132.0,0
SUP-00287,"Booker, Jones and Harrington",India,zippers,0.8761,0.0382,0.0232,19.0,124.0,1
SUP-00288,Morgan-Schwartz,India,dye_chemicals,0.9388,0.03605,0.0148,19.7,120.0,0
SUP-00366,"Wilson, Pena and Rich",Bangladesh,trims,0.9589,0.0123,0.0293,14.5,110.0,0
SUP-00567,"Owens, Koch and Jimenez",Sri Lanka,packaging,0.7354,0.0886,0.0747,23.1,88.0,1
SUP-00377,Schmitt PLC,Pakistan,trims,0.8892,0.006,0.0293,15.3,111.0,0
SUP-00753,Davis and Sons,Bangladesh,fabric,0.8079999999999999,0.0527,0.0356,26.0,61.0,1
SUP-00843,Cunningham-Barton,China,packaging,0.7219,0.0851,0.0533,21.3,160.0,1
SUP-00393,Webster Inc,Bangladesh,zippers,0.8667,0.0262,0.0567,17.7,104.0,1
SUP-00277,Cook-Hines,Indonesia,buttons,0.9154,0.0743,0.030449999999999998,9.0,79.0,0
SUP-00495,Brown Group,China,trims,0.9292,0.0102,0.0169,7.6,129.0,0
SUP-00752,"Ramsey, Mason and Mccann",Indonesia,fabric,0.85,0.0588,0.0492,15.95,85.0,1
SUP-00693,"Thomas, Ford and Brown",Vietnam,buttons,0.8697,0.0165,0.018,14.4,149.0,0
SUP-00405,Graham Group,India,buttons,0.7929,0.0496,0.0503,16.4,147.0,1
SUP-00643,Green LLC,Indonesia,thread,0.8296,0.0419,0.0312929200307689,20.3,63.0,0
SUP-00096,Harris-Walters,China,fabric,0.9042,0.0341,0.0335,7.0,135.0,0
SUP-00838,"Wagner, Simpson and Cohen",Bangladesh,fabric,0.8593,0.0201,0.0071,11.7,96.0,0
SUP-00982,Davis LLC,Pakistan,thread,0.7035,0.0605,0.0396,28.8,42.0,1
SUP-00363,"Hernandez, Martinez and Weber",Bangladesh,packaging,0.7043,0.0461,0.0383,15.9,141.0,1
SUP-00992,Ramirez and Sons,Indonesia,dye_chemicals,0.8457,0.0383,0.0371,18.5,120.0,0
SUP-00300,Harvey-Allen,China,zippers,0.8429,0.039,0.0606,16.0,128.0,1
SUP-00370,Edwards-Scott,Bangladesh,buttons,0.8519,0.0403,0.0365,10.0,86.0,0
SUP-00701,Turner-Stout,Pakistan,packaging,0.6628,0.0674,1.0,19.9,105.0,1
SUP-00603,"Becker, Lara and Baker",Bangladesh,zippers,0.9062,0.0384,0.0165,11.7,113.0,0
SUP-00988,Ramirez-Stephenson,Vietnam,trims,0.9862,0.0353,0.033299999999999996,13.8,87.0,1
SUP-00152,"Simmons, Meadows and Griffin",Bangladesh,buttons,0.9427,0.0049,0.0417,13.7,122.0,0
SUP-00505,Acosta Inc,Indonesia,packaging,0.9620000000000001,0.0,0.0262,15.9,126.0,0
SUP-00030,"Snyder, Campos and Callahan",Pakistan,fabric,0.9201,0.0462,0.0356,16.7,109.0,0
SUP-00048,"Martin, Rose and Obrien",China,zippers,0.8568,0.0493,0.0603,16.7,119.0,0
SUP-00110,Johnson-Doyle,Pakistan,packaging,0.833,0.03345,0.0366,15.8,134.0,0
SUP-00169,"Yates, Ramsey and Pittman",India,thread,0.8147,0.0335,0.0176,20.3,95.0,0
SUP-00534,Mcdonald-Bird,India,zippers,0.9006,0.0442,0.0207,9.6,187.0,0
SUP-00678,Allen Inc,Pakistan,buttons,0.8826,0.0165,0.0495,14.9,118.0,0
SUP-00039,Harrell LLC,Sri Lanka,fabric,0.999,0.0,0.0032,12.9,55.0,0
SUP-00180,Howell and Sons,India,buttons,0.8005,0.0379,0.0193,18.1,108.0,0
SUP-00425,Welch-Hogan,Vietnam,dye_chemicals,0.919,0.0412,0.0357,16.7,90.0,1
SUP-00143,Gibson Ltd,Sri Lanka,buttons,0.9755,0.0,0.0,17.1,113.0,0
SUP-00125,Scott Ltd,India,zippers,0.9203,0.0144,0.0341,14.8,78.0,1
SUP-00254,"Garcia, Martin and Jenkins",Sri Lanka,fabric,0.8751,0.0517,0.0356,18.6,149.0,0
SUP-00115,Torres-Pope,Pakistan,zippers,0.7517,0.088,1.0,26.4,62.0,1
SUP-00645,Sullivan PLC,Vietnam,thread,0.81,0.0463,0.0499,15.2,89.0,0
SUP-00627,Lopez-Curry,Vietnam,packaging,0.774,0.088,0.0841,26.5,5.0,1
SUP-00589,"Soto, Carlson and Baker",Pakistan,packaging,0.8086,0.0648,0.0569,18.3,60.0,1
SUP-00214,"Tapia, Vaughn and Lee",Vietnam,packaging,0.8023,0.0321,0.0225,21.2,130.0,0
SUP-00985,Underwood-Foster,Vietnam,packaging,0.9031,0.0361,0.0216,24.3,118.0,1
SUP-00569,Levy-Lewis,Bangladesh,thread,0.7872,0.0619,0.0505,14.8,81.0,1
SUP-00764,Ward-Nelson,Vietnam,thread,0.9578,0.03665,0.026,10.2,138.0,0
SUP-00217,Perez-White,Indonesia,zippers,0.8324,0.0141,0.0258,9.4,147.0,0
SUP-00810,Alvarez-Kim,India,trims,0.8628,0.0265,0.0115,18.2,90.0,0
SUP-00661,Foster Inc,Pakistan,thread,0.77,0.0537,0.0246,22.0,105.0,0
SUP-01000,Stokes Group,Sri Lanka,fabric,0.8186,0.0077,0.0354,11.1,153.0,0
SUP-00056,Jones-Young,Bangladesh,thread,0.866,0.0051,0.01,21.7,140.0,0
SUP-00586,Richardson Ltd,Pakistan,packaging,0.9942,0.0322,0.0057,13.8,105.0,0
SUP-00036,Rodriguez-Graham,Vietnam,dye_chemicals,0.8085,0.061,0.0249,22.2,90.0,1
SUP-00784,Bennett-Velasquez,China,thread,0.883,0.0687,0.0469,25.9,136.0,1
SUP-00502,Paul-Kline,Vietnam,dye_chemicals,0.98,0.03605,0.0251,17.6,143.0,0
SUP-00418,Thomas and Sons,Vietnam,thread,0.919,0.0034,0.0215,18.1,119.0,0
SUP-00914,Hunter-Fuller,Bangladesh,dye_chemicals,0.914,0.065,0.041,22.7,40.0,1
SUP-00768,"Davis, George and Nguyen",Sri Lanka,packaging,0.8793,0.0373,0.0688,19.1,80.0,1
SUP-00666,Cannon Ltd,Bangladesh,fabric,0.9063,0.0092,0.0003,14.3,176.0,0
SUP-00959,Jones-Bradley,Sri Lanka,trims,0.877,0.0389,0.026,18.6,153.0,1
SUP-00162,Stein-Silva,Indonesia,fabric,0.7988,0.0646,0.0547,29.9,81.0,1
SUP-00789,"Clark, Salinas and Guerra",Bangladesh,packaging,0.999,0.0,0.0163,11.3,130.0,0
SUP-00771,Armstrong and Sons,India,thread,0.999,0.0115,0.0064,9.8,107.0,0
SUP-00029,"Ross, Robinson and Bright",Vietnam,zippers,0.8582,0.0596,0.0431,20.2,39.0,1
SUP-00052,Walker LLC,Sri Lanka,packaging,0.8768,0.0009,0.0,9.2,92.0,1
SUP-00797,Rodriguez and Sons,Pakistan,trims,0.9323,0.0442,0.0415,17.7,78.0,0
SUP-00042,George Group,Sri Lanka,dye_chemicals,0.9987,0.0336,0.0323,14.9,104.0,0
SUP-00899,"Cruz, Richmond and Edwards",India,buttons,0.878,0.0488,0.0889,17.9,111.0,0
SUP-00674,"Gray, Hall and Murray",China,thread,0.9465,0.0314,0.0314,8.3,74.0,0
SUP-00876,Alexander Inc,Indonesia,zippers,0.8507,0.0054,0.0166,8.9,54.0,0
SUP-00903,Abbott Ltd,Pakistan,fabric,0.8751,0.0789,0.0749,26.0,62.0,0
SUP-00436,Cox LLC,Vietnam,fabric,0.8214,0.0402,0.0342,20.2,135.0,0
SUP-00236,"Harrison, Johnson and Roberts",Vietnam,fabric,0.8420000000000001,0.0472,0.0468,28.2,76.0,1
SUP-00164,Smith-Bell,Indonesia,zippers,0.732,0.0544,0.0654,20.6,5.0,0
SUP-00556,Moore Group,China,buttons,0.884,0.0264,0.030449999999999998,16.9,116.0,0
SUP-00803,Griffin Group,Pakistan,zippers,0.86,0.027,0.0376,12.2,124.0,0
SUP-00697,Boone-Davis,Pakistan,fabric,0.9195,0.0786,0.0356,15.0,136.0,0
SUP-00854,Li Inc,China,trims,0.852,0.0103,0.0344,17.8,116.0,0
SUP-00836,"Brown, Howard and Smith",Vietnam,zippers,0.7193,0.0496,0.047,20.4,78.0,1
SUP-00446,"Osborn, Gaines and Davis",China,zippers,0.9598,0.0486,0.03715,12.7,172.0,0
SUP-00546,"Huber, Hill and Weber",Sri Lanka,trims,0.7761,0.0618,0.0552,16.7,141.0,1
SUP-00388,Davis PLC,Indonesia,packaging,0.8186,0.0317,0.0315,18.8,105.0,1
SUP-00015,Williams and Sons,Indonesia,packaging,0.7543,0.0454,0.07,23.1,27.0,1
SUP-00455,"Lamb, Martin and Kim",Indonesia,fabric,0.9582,0.0028,0.0,13.3,46.0,0
SUP-00802,"Burgess, Grant and Watts",India,packaging,0.8505,0.0084,0.005,13.6,104.0,0
SUP-00293,Bright-Francis,India,dye_chemicals,0.8261,0.0432,0.0527,16.8,121.0,1
SUP-00045,"Arroyo, Miller and Tucker",China,thread,0.9519,0.0122,0.0188,14.0,145.0,0
SUP-00266,Gay Inc,Vietnam,buttons,0.7933,0.0373,0.0378,15.9,123.0,1
SUP-00933,"Craig, Wilson and Yang",Vietnam,trims,0.8066,0.0427,0.0251,21.0,82.0,1
SUP-00958,"Miller, Davis and Anderson",Sri Lanka,thread,0.8989,0.03665,0.0274,14.7,150.0,0
SUP-00996,Castillo-Harrington,India,packaging,0.7737,0.0112,0.0546,17.3,105.0,1
SUP-00089,Suarez LLC,Vietnam,zippers,0.939,0.032,0.0,13.6,150.0,0
SUP-00082,Sandoval-Cunningham,Pakistan,fabric,0.774,0.0567,0.0469,22.2,88.0,1
SUP-00079,Jones Inc,India,packaging,0.887,0.0181,0.0338,8.3,78.0,0
SUP-00479,Young-Martinez,Pakistan,trims,0.9268,0.0574,0.0295,4.5,123.0,0
SUP-00611,Williams-Moses,Indonesia,packaging,0.9781,0.0037,0.0213,13.6,87.0,0
SUP-00156,Hill Inc,Sri Lanka,trims,0.8943,0.0376,0.006,19.5,95.0,0
SUP-00530,"Mckinney, Graves and Thompson",Bangladesh,dye_chemicals,0.8466,0.03605,0.0065,17.0,115.0,0
SUP-00344,Davis-Lewis,Bangladesh,dye_chemicals,0.8328,0.0529,0.036,23.8,129.0,0
SUP-00969,Aguirre LLC,Pakistan,trims,0.9131,0.0342,0.0063,16.75,111.0,0
SUP-00593,"Allen, Armstrong and Graves",Indonesia,fabric,0.9462,0.0574,0.0356,20.9,137.0,0
SUP-00431,"Huang, Cole and Pacheco",Indonesia,trims,0.9551,0.0,0.0224,10.3,170.0,0
SUP-00650,Todd-Pham,China,trims,0.8661,0.0473,0.0592,23.7,123.0,0
SUP-00596,Shaw-Carr,China,trims,0.9814,0.0294,0.0362,24.0,83.0,0
SUP-00149,Bryant Group,India,packaging,0.9790000000000001,0.0411,0.0199,13.4,226.0,0
SUP-00664,Andersen Group,Indonesia,dye_chemicals,0.898,0.0165,0.0151,8.1,81.0,0
SUP-00454,White Ltd,China,buttons,0.9254,0.0183,0.0379,13.4,78.0,0
SUP-00285,Garcia-Lozano,Indonesia,dye_chemicals,0.8583,0.0514,0.0142,20.6,190.0,1
SUP-00128,Diaz Inc,India,packaging,0.9943,0.02,0.0069,14.8,159.0,0
SUP-00575,"Lee, Tran and Jones",Bangladesh,fabric,0.8283,0.03,0.0356,17.8,184.0,1
SUP-00483,"Andrews, Higgins and Carter",Indonesia,packaging,0.9512,0.03345,0.022,13.1,121.0,0
SUP-00391,Frank-Bradley,India,trims,0.9391,0.0243,0.0239,16.4,81.0,0
SUP-00788,Benton Group,Sri Lanka,buttons,0.8722,0.0185,0.0388,14.3,67.0,0
SUP-00894,Bishop and Sons,Pakistan,buttons,0.8734500000000001,0.0393,0.0661,25.0,110.0,1
SUP-00394,"Miller, Ramos and Coleman",Pakistan,buttons,0.945,0.0342,0.012,19.7,154.0,0
SUP-00522,Holmes-Mcintyre,Sri Lanka,packaging,0.8231,0.0556,0.057,19.7,139.0,1
SUP-00230,Kerr-Evans,India,zippers,0.8761,0.0289,0.0105,8.1,95.0,0
SUP-00192,"Wood, Hunter and Peterson",Indonesia,thread,0.96,0.0,0.0058,17.0,119.0,0
SUP-00800,Sheppard-Jordan,Pakistan,zippers,0.7655,0.0378,0.0401,16.7,123.0,1
SUP-00761,Moore-Dawson,China,zippers,0.7981,0.0639,0.0455,10.5,5.0,1
SUP-00685,Young-Walter,Sri Lanka,trims,0.9458,0.0482,0.047,6.8,99.0,0
SUP-00516,Osborne LLC,India,thread,0.9195,0.0369,0.0557,19.0,96.0,1
SUP-00373,Reynolds Ltd,Pakistan,dye_chemicals,0.7888,0.045,0.0333,21.4,92.0,1
SUP-00349,Schroeder-Kramer,India,packaging,0.8218,0.0951,0.0284,20.9,80.0,1
SUP-00649,"Zhang, Brooks and Miles",Bangladesh,zippers,0.8269,0.0218,0.0243,15.1,126.0,0
SUP-00399,"Brown, Harris and Dougherty",India,zippers,0.9065,0.0476,0.0527,16.2,94.0,0
SUP-00892,May Ltd,India,packaging,0.9477,0.0214,0.0284,16.25,135.0,0
SUP-00978,Parks-Pace,Pakistan,packaging,0.962,0.0354,0.0324,15.8,135.0,0
SUP-00617,"Perez, Hall and Garcia",Pakistan,buttons,0.999,0.0206,0.0,14.3,110.0,0
SUP-00770,Hardy PLC,Vietnam,trims,0.9019,0.0,0.0115,8.3,124.0,0
SUP-00289,"Miller, Murphy and Craig",Indonesia,fabric,0.9458,0.0187,0.0328,7.8,76.0,0
SUP-00401,Wilson-Jimenez,Indonesia,zippers,0.8427,0.057,0.0625,18.8,104.0,1
SUP-00160,Russell-Daniels,Indonesia,fabric,0.7165,0.0626,0.0529,20.5,5.0,1
SUP-00687,"Fry, Hobbs and Buck",Bangladesh,trims,0.84,0.0399,0.0599,23.2,157.0,1
SUP-00579,"Mcmillan, Fischer and Gonzalez",Pakistan,packaging,0.8789,0.0158,0.0005,14.5,142.0,0
SUP-00543,Torres and Sons,China,buttons,0.92,0.027,0.030449999999999998,13.5,177.0,0
SUP-00945,Wood LLC,Pakistan,buttons,0.9698,0.0221,0.0235,9.9,55.0,0
SUP-00688,"Shelton, Peters and Williams",China,packaging,0.8994,0.0202,0.0232,17.6,131.0,0
SUP-00175,Ramirez-Bean,Vietnam,fabric,0.857,0.047,0.0217,14.3,98.0,1
SUP-00221,Garcia-Smith,China,thread,0.8801,0.0038,0.0286,17.0,120.0,0
SUP-00091,"Turner, Riggs and Roman",Sri Lanka,trims,0.865,0.0286,0.0383,14.8,78.0,0
SUP-00881,Watson Ltd,Pakistan,dye_chemicals,0.999,0.0116,0.0,16.0,85.0,0
SUP-00314,Byrd-Le,Bangladesh,packaging,0.9342,0.03345,0.0179,29.1,61.0,1
SUP-00395,"Ramos, Nelson and Fischer",Pakistan,trims,0.9479,0.0055,0.0429,14.3,111.0,1
SUP-00109,Hancock and Sons,India,packaging,0.8282,0.0629,0.0343,16.8,137.0,1
SUP-00711,Figueroa Inc,Vietnam,dye_chemicals,0.9274,0.0361,0.0,8.0,143.0,0
SUP-00480,Barnes PLC,India,fabric,0.8855,0.0329,0.0406,13.8,67.0,0
SUP-00629,"Morrison, Hebert and Rogers",Sri Lanka,packaging,0.9389,0.0,0.0108,11.6,122.0,0
SUP-00298,Schmidt PLC,Sri Lanka,trims,0.7794,0.0787,0.0898,25.3,17.0,1
SUP-00532,Conner and Sons,China,buttons,0.8715,0.0157,0.0164,16.6,181.0,0
SUP-00034,Frazier Inc,Vietnam,zippers,0.8717,0.0687,0.0165,16.7,104.0,1
SUP-00379,Moore Group,Sri Lanka,packaging,0.85,0.0507,0.0143,12.2,100.0,1
SUP-00642,Turner-Sharp,Bangladesh,packaging,0.9387,0.03345,0.0284,22.0,145.0,1
SUP-00041,Ryan PLC,Pakistan,zippers,0.9666,0.0094,0.0219,19.7,81.0,0
SUP-00083,Donovan-Harris,India,trims,0.8056,0.0001,0.0465,20.7,64.0,0
SUP-00956,Morse PLC,Sri Lanka,fabric,0.8934,0.0402,0.0376,19.3,83.0,0
SUP-00365,"Phillips, Wagner and Jordan",Sri Lanka,thread,0.7272,0.0839,0.0425,29.0,68.0,1
SUP-00137,"Lewis, Kennedy and Santana",Sri Lanka,zippers,0.8556,0.0444,0.0572,23.0,104.0,1
SUP-00571,"Khan, Pena and Ruiz",Sri Lanka,zippers,0.879,0.0488,0.03715,19.8,93.0,0
SUP-00476,Gilbert-Bullock,Bangladesh,trims,0.8431,0.0537,0.0,18.8,87.0,0
SUP-00198,"Adams, Christian and Rivas",China,fabric,0.9422,0.051,0.0374,7.5,63.0,0
SUP-00724,Mann Inc,Pakistan,trims,0.8499,0.0407,0.03,8.4,111.0,0
SUP-00549,"Morgan, Bradshaw and Williams",India,buttons,0.7387,0.0627,0.0337,22.0,73.0,1
SUP-00851,Clark Ltd,Indonesia,fabric,0.842,0.0412,0.0411,14.5,137.0,0
SUP-00893,Jones PLC,India,dye_chemicals,0.7265,0.0639,0.0794,20.6,95.0,1
SUP-00984,Jackson PLC,Pakistan,dye_chemicals,0.823,0.0798,0.0714,23.8,43.0,1
SUP-00179,"Williams, Johnson and Wright",Pakistan,dye_chemicals,0.8957,0.0224,0.0306,13.5,107.0,0
SUP-00291,Brennan-Johnson,Sri Lanka,dye_chemicals,0.8162,0.0339,0.0638,19.4,77.0,1
SUP-00357,Hayes and Sons,Pakistan,dye_chemicals,0.8787,0.036,0.0625,22.2,42.0,1
SUP-00240,"Walker, Hernandez and Baker",India,zippers,0.775,0.0378,0.03715,26.5,118.0,1
SUP-00723,Kirby and Sons,Indonesia,dye_chemicals,0.999,0.044,0.036,19.6,84.0,1
SUP-00976,Martinez Inc,India,dye_chemicals,0.8512,0.0355,0.053,21.2,91.0,1
SUP-00139,"Harvey, Davis and Crane",Vietnam,buttons,0.919,0.0406,0.0304,10.2,95.0,0
SUP-00960,Bates-Anderson,Indonesia,zippers,0.8072,0.0506,0.0,21.9,107.0,1
SUP-00487,"Hartman, Romero and Smith",China,packaging,0.6859999999999999,0.0823,0.0616,37.6,84.0,1
SUP-00845,Adams PLC,Indonesia,zippers,0.7608,0.0615,0.0749,24.3,37.0,1
SUP-00145,Hernandez Ltd,Pakistan,zippers,0.7372,0.0455,0.0558,14.2,114.0,1
SUP-00080,"Hensley, Powell and David",Bangladesh,fabric,0.9047,0.0232,0.0356,16.3,54.0,0
SUP-00130,Cortez LLC,Indonesia,buttons,0.8605,0.005,0.0059,22.3,186.0,0
SUP-00730,"Li, Craig and Drake",Pakistan,thread,0.9754,0.0344,0.001,10.2,66.0,0
SUP-00905,Adkins LLC,China,dye_chemicals,0.8865,0.0285,0.0422,19.3,87.0,1
SUP-00267,Valentine-Holland,Bangladesh,buttons,0.8641,0.0032,0.0305,13.1,14.0,0
SUP-00663,"Brown, Mcknight and Michael",Pakistan,fabric,0.907,0.0286,0.0356,15.9,116.0,0
SUP-00104,"Tran, Jordan and Williams",Indonesia,zippers,0.958,0.0159,0.0195,12.4,132.0,0
SUP-00346,Zhang PLC,Indonesia,zippers,0.9757,0.0238,0.0298,9.7,108.0,0
SUP-00592,"Harvey, Randall and Hernandez",Sri Lanka,packaging,0.8148,0.0791,0.0805,17.9,114.0,1
SUP-00561,"Rodriguez, Allen and Martinez",Sri Lanka,fabric,0.9092,0.0,0.0126,15.95,134.0,0
SUP-00233,"Clark, Guerrero and Moore",Vietnam,trims,0.9175,0.0254,0.0076,23.0,113.0,0
SUP-00828,Powers LLC,Pakistan,zippers,0.9990000000000001,0.0345,0.0169,3.0,104.0,0
SUP-00875,Smith-Noble,China,fabric,0.905,0.0325,0.0436,13.9,133.0,0
SUP-00294,Good-Hodges,Bangladesh,zippers,0.8397,0.0696,0.03715,19.9,194.0,1
SUP-00981,Orr Group,Vietnam,buttons,0.9229999999999999,0.0253,0.030449999999999998,17.9,62.0,0
SUP-00067,Williams PLC,Vietnam,trims,0.7024,0.0618,0.0545,27.8,94.0,1
SUP-00085,"Evans, Stewart and Walton",Indonesia,thread,0.9013,0.0293,0.0254,13.4,166.0,1
SUP-00864,Schultz Inc,Vietnam,thread,0.7982,0.0412,0.0913,17.6,88.0,1
SUP-00934,Williams Inc,Vietnam,packaging,0.8532,0.0539,0.028,19.2,111.0,0
SUP-00032,Carlson-Cruz,Vietnam,fabric,0.8467,0.0342,0.0356,8.1,94.0,0
SUP-00700,"Ramsey, Hansen and Mendoza",Bangladesh,zippers,0.9263,0.038,0.0033,10.2,74.0,0
SUP-00859,Sellers-Riddle,Sri Lanka,buttons,0.792,0.041,0.0399,15.0,59.0,1
SUP-00061,"Brown, Valdez and Lucas",Pakistan,dye_chemicals,0.938,0.013,0.036,7.3,145.0,0
SUP-00506,Morrison-Short,China,zippers,0.8220000000000001,0.0324,0.0155,7.7,157.0,0
SUP-00540,Humphrey PLC,China,zippers,0.6915,0.059,0.0548,23.8,20.0,1
SUP-00099,Williams-Cook,Sri Lanka,trims,0.8343,0.0153,0.0142,16.9,156.0,0
SUP-00438,"Williams, Mccoy and Cook",Vietnam,trims,0.8226,0.0492,0.0368,23.7,143.0,1
SUP-00599,Hoffman Ltd,Vietnam,fabric,0.8781,0.0185,0.0262,22.0,49.0,0
SUP-00946,"Mueller, Stevenson and Sanchez",Bangladesh,thread,0.9235,0.018,0.0312929200307689,11.7,99.0,0
SUP-00081,"Sanchez, Wheeler and Harvey",Pakistan,fabric,0.9364,0.0351,0.0,6.1,78.0,0
SUP-00823,Wilson-Lambert,Vietnam,zippers,0.8251,0.0772,0.0274,17.4,205.0,1
SUP-00009,Garcia-James,Sri Lanka,fabric,0.9034,0.0253,0.0356,12.0,130.0,0
SUP-00071,Gray Group,Bangladesh,buttons,0.9451,0.0784,0.031,9.8,89.0,0
SUP-00760,Marquez Inc,Pakistan,fabric,0.8213,0.0579,0.0406,26.2,90.0,1
SUP-00718,Jackson-Cortez,Pakistan,thread,0.8477,0.0431,0.0584,24.8,135.0,1
SUP-00923,Parker Ltd,Indonesia,fabric,0.954,0.0274,0.0004,15.2,55.0,0
SUP-00157,"Mitchell, Nelson and Flores",Bangladesh,zippers,0.8824,0.0485,0.0357,19.2,86.0,0
SUP-00114,Gonzalez Group,China,dye_chemicals,0.921,0.015,0.0284,13.9,126.0,0
SUP-00930,"Proctor, Burton and Crawford",China,packaging,0.9446,0.0205,0.0111,10.6,125.0,0
SUP-00866,Gibson-Freeman,Indonesia,buttons,0.8734,0.0292,0.030449999999999998,11.5,81.0,0
SUP-00303,Santana-Byrd,China,trims,0.7982,0.0402,0.0469,28.3,43.0,1
SUP-00989,Mendez PLC,Pakistan,trims,0.7177,0.0751,0.0677,28.7,122.0,1
SUP-00489,King-Smith,China,fabric,0.7824,0.0682,0.0545,20.2,35.0,1
SUP-00220,Terry-Martinez,Indonesia,trims,0.8690000000000001,0.0483,0.0338,19.1,88.0,1
SUP-00900,Wright Ltd,Vietnam,zippers,0.9328,0.0471,0.0381,12.0,104.0,0
SUP-00979,Aguilar LLC,China,fabric,0.8969,0.0429,0.0492,11.0,99.0,0
SUP-00520,"Richardson, Edwards and Ramirez",Vietnam,trims,0.8769,0.0541,0.0248,13.6,165.0,1
SUP-00917,Miller-Mccall,Bangladesh,packaging,0.894,0.0532,0.0363,19.4,74.0,1
SUP-00111,Patton-Jenkins,Sri Lanka,packaging,0.9798,0.0418,0.0284,17.7,109.0,0
SUP-00491,"Fuller, Ingram and Moss",China,fabric,0.9103,0.0138,0.0027,16.5,100.0,0
SUP-00774,Fisher-Washington,Indonesia,zippers,0.9235,0.0446,0.0509,25.3,109.0,1
SUP-00364,"Kelley, Nguyen and Vang",Pakistan,dye_chemicals,0.8269,0.03605,0.0006,17.0,89.0,0
SUP-00392,Ware and Sons,Pakistan,thread,0.8871,0.0619,0.0316,15.4,87.0,1
SUP-00467,Davis-Lozano,China,buttons,0.8841,0.0269,0.0063,19.4,187.0,0
SUP-00801,Garcia and Sons,Pakistan,dye_chemicals,0.8004,0.0662,0.0546,16.4,99.0,1
SUP-00863,Burton-Brooks,Indonesia,trims,0.9296,0.0293,0.0,13.7,111.0,0
SUP-00932,Moore-Ayala,India,zippers,0.8615,0.05,0.0534,24.3,96.0,1
SUP-00870,Donaldson and Sons,Bangladesh,zippers,0.9821,0.068,0.0377,18.7,151.0,0
SUP-00547,"Ferguson, Shaw and Jackson",Vietnam,dye_chemicals,0.9194,0.0333,0.0479,17.8,50.0,0
SUP-00305,"Evans, Hayden and Vaughn",Indonesia,dye_chemicals,0.8189,0.0854,0.0567,24.3,114.0,1
SUP-00970,"Terry, Williams and Huff",Sri Lanka,zippers,0.9079999999999999,0.0374,0.0323,18.5,85.0,0
SUP-00318,Burgess-Thompson,Sri Lanka,trims,0.8015,0.0929,0.033299999999999996,14.2,118.0,1
SUP-00865,Robertson-Ramirez,Vietnam,trims,0.8408,0.0268,0.0725,17.5,123.0,1
SUP-00902,"Griffith, Mitchell and Pugh",Sri Lanka,trims,0.9465,0.0078,0.0027,16.6,121.0,0
SUP-00106,Nolan and Sons,Vietnam,packaging,0.853,0.0435,0.0,18.6,5.0,0
SUP-00509,Jackson-Wallace,China,thread,0.8173,0.0755,0.0603,18.9,5.0,1
SUP-00581,"Cook, Wells and Bryant",India,fabric,0.9775,0.0141,0.0089,12.3,105.0,0
SUP-00632,"Mcdonald, Lee and Rodriguez",Vietnam,zippers,0.8269,0.0323,0.03715,11.9,160.0,1
SUP-00284,"Sanford, Rivera and Garcia",Bangladesh,dye_chemicals,0.9978,0.0356,0.036,12.4,119.0,0
SUP-00178,Walker-Jones,Sri Lanka,fabric,0.8086,0.04,0.0548,15.95,44.0,0
SUP-00378,Bell-Lane,Vietnam,thread,0.8713,0.0262,0.05,10.7,53.0,0
SUP-00429,Gilbert PLC,Bangladesh,fabric,0.8207,0.0467,0.0545,15.8,122.0,0
SUP-00681,Morales and Sons,Sri Lanka,packaging,0.9756,0.0236,0.023,14.9,145.0,0
SUP-00043,Rodriguez LLC,India,dye_chemicals,0.9281,0.0432,0.0,8.4,47.0,0
SUP-00715,"Pena, Cohen and Scott",Indonesia,buttons,0.8228,0.0421,0.0332,23.4,116.0,0
SUP-00092,"Smith, Montoya and Evans",Indonesia,fabric,0.8125,0.0315,0.0574,12.5,18.0,0
SUP-00051,"Brooks, Lam and Hayes",Indonesia,trims,0.9108,0.0859,0.0513,21.8,136.0,1
SUP-00427,Johnson-Wood,Bangladesh,buttons,0.8496,0.0212,0.0375,19.2,174.0,0
SUP-00297,Howard-Jordan,India,buttons,0.9426,0.0314,0.030449999999999998,16.1,117.0,0
SUP-00076,"Daniels, Adkins and Brown",Vietnam,thread,0.8251,0.0921,0.0581,23.2,85.0,1
SUP-00063,Wright and Sons,Pakistan,fabric,0.9227,0.0402,0.022,10.1,148.0,0
SUP-00819,Smith-Lewis,Bangladesh,buttons,0.8918,0.033,0.023,17.3,160.0,0
SUP-00456,Diaz-Ball,Pakistan,trims,0.892,0.043,0.0257,25.0,87.0,0
SUP-00618,Love-Garcia,Sri Lanka,fabric,0.8537,0.0542,0.0344,13.8,162.0,1
SUP-00591,"Williams, Castillo and Warren",Vietnam,packaging,0.9772,0.0347,0.0419,5.6,122.0,0
SUP-00684,"Flores, Harper and Chambers",Sri Lanka,thread,0.999,0.0015,0.0194,10.0,149.0,0
SUP-00055,Jones Inc,India,buttons,0.8105,0.0342,0.030449999999999998,19.8,88.0,1
SUP-00739,Walsh Ltd,Indonesia,thread,0.851,0.0343,0.0161,9.1,139.0,0
SUP-00136,"Lawson, Morris and Ramos",India,buttons,0.758,0.0205,0.0555,16.9,154.0,1
SUP-00161,Brown-Wall,Indonesia,trims,0.8538,0.0449,0.0198,14.5,205.0,0
SUP-00237,Warner-Gibson,Indonesia,dye_chemicals,0.8399,0.0466,0.0266,16.5,110.0,0
SUP-00290,"James, Stewart and Higgins",Bangladesh,dye_chemicals,0.8787,0.0388,0.0382,12.0,104.0,1
SUP-00070,Hancock Inc,Bangladesh,trims,0.8759,0.033,0.0177,16.6,87.0,0
SUP-00806,Perry-Nixon,China,trims,0.8988,0.0094,0.0014,11.2,120.0,0
SUP-00174,Lewis-Murphy,Pakistan,dye_chemicals,0.8322,0.0189,0.0212,11.1,112.0,0
SUP-00741,"Mueller, Knight and Hodge",Pakistan,zippers,0.6327,0.0921,0.0812,34.8,63.0,0
SUP-00644,"Young, Contreras and Marshall",China,buttons,0.9109999999999999,0.0374,0.0046,14.2,204.0,0
SUP-00397,Gregory-Watkins,Pakistan,packaging,0.8931,0.0541,0.0445,16.25,76.0,1
SUP-00138,"Jackson, Miller and Robertson",Sri Lanka,packaging,0.892,0.0213,0.0284,15.2,175.0,0
SUP-00514,Cisneros and Sons,Sri Lanka,thread,0.8892,0.0166,0.0176,15.2,189.0,0
SUP-00065,Baxter Inc,Bangladesh,zippers,0.8908,0.0345,0.0,10.1,104.0,0
SUP-00732,"Hernandez, Lee and Fox",Bangladesh,fabric,0.8552,0.0402,0.0394,23.1,108.0,0
SUP-00201,"Barnett, Rogers and Snyder",Pakistan,packaging,0.9199,0.0311,0.0296,19.1,29.0,0
SUP-00512,"Whitney, Gould and Jones",Vietnam,trims,0.9585,0.0246,0.0217,15.7,107.0,0
SUP-00478,"Bentley, Lynch and Henderson",Vietnam,trims,0.7944,0.0759,0.0439,18.4,139.0,1
SUP-00351,Fernandez and Sons,Pakistan,trims,0.8724,0.0066,0.033299999999999996,14.0,137.0,0
SUP-00188,Vargas Ltd,Bangladesh,zippers,0.8962,0.0355,0.0166,12.9,78.0,1
SUP-00430,Ford-Spencer,Bangladesh,zippers,0.9542,0.0275,0.03715,8.1,94.0,0
SUP-00223,Sheppard LLC,Sri Lanka,fabric,0.7884,0.0439,0.0733,25.1,39.0,1
SUP-00647,Richardson-Walker,Bangladesh,fabric,0.909,0.0267,0.0102,16.2,98.0,1
SUP-00733,Adams-Sanders,Indonesia,buttons,0.9575,0.043,0.0142,11.6,101.0,0
SUP-00847,"Alexander, Robinson and Coleman",India,thread,0.8641,0.034,0.0388,13.3,104.0,0
SUP-00232,"Choi, Garcia and Farmer",Bangladesh,dye_chemicals,0.8686,0.0228,0.0371,16.4,131.0,0
SUP-00124,"Joyce, Wilson and Lam",Bangladesh,packaging,0.8491,0.0789,0.0284,17.0,82.0,1
SUP-00380,Boone LLC,India,dye_chemicals,0.9452,0.0326,0.0469,15.2,103.0,0
SUP-00999,"Robinson, Huang and Osborne",Indonesia,trims,0.8514,0.0162,0.033299999999999996,16.75,91.0,0
SUP-00616,Sanchez Ltd,India,zippers,0.851,0.0339,0.0499,22.0,118.0,1
SUP-00690,"Flores, Butler and Hernandez",Bangladesh,dye_chemicals,0.8945,0.0205,0.0461,18.9,116.0,0
SUP-00140,Chambers and Sons,Vietnam,buttons,0.9715,0.003,0.0041,14.1,116.0,0
SUP-00075,Novak PLC,China,trims,0.9341,0.0,0.0,14.2,93.0,1
SUP-00274,Hoover-Campbell,China,dye_chemicals,0.9842,0.03605,0.0236,11.9,93.0,0
SUP-00486,Jones-Fox,Pakistan,fabric,0.955,0.0234,0.0,8.2,100.0,0
SUP-00857,"Adams, Hodge and Duke",Sri Lanka,zippers,0.9651,0.0483,0.014,11.1,64.0,0
SUP-00572,"Smith, Rodriguez and Anderson",Pakistan,thread,0.9743,0.0342,0.0,10.1,105.0,0
SUP-00935,Williams LLC,Indonesia,zippers,0.7571,0.0814,0.074,21.8,47.0,1
SUP-00610,Blevins-Ballard,Pakistan,dye_chemicals,0.995,0.03605,0.0135,12.2,97.0,0
SUP-00916,"Herrera, Jensen and Ramirez",Vietnam,fabric,0.8751,0.044,0.0573,17.6,86.0,0
SUP-00171,Meadows PLC,Bangladesh,buttons,0.9241,0.0085,0.0175,22.0,95.0,0
SUP-00906,"Brown, Hurst and Blevins",Pakistan,buttons,0.8306,0.0558,0.0416,13.3,94.0,0
SUP-00744,"Alvarez, Williams and Jones",Bangladesh,zippers,0.9711,0.0,0.0247,9.5,72.0,1
SUP-00670,"Anderson, Dalton and Wilson",Indonesia,thread,0.715,0.0565,0.0714,26.1,110.0,1
SUP-00484,Mendez and Sons,Pakistan,fabric,0.9183,0.0047,0.0221,7.1,71.0,0
SUP-00325,"Diaz, Gibbs and Smith",Bangladesh,fabric,0.8866,0.0587,0.0472,13.8,85.0,1
SUP-00471,Walker-Flores,Pakistan,buttons,0.8356,0.0749,0.0634,24.9,83.0,1
SUP-00748,Goodwin Ltd,Sri Lanka,packaging,0.8509,0.0331,0.0284,11.0,59.0,0
SUP-00563,Dougherty-Lin,Indonesia,buttons,0.8907,0.0342,0.0,18.2,81.0,0
SUP-00526,Hayes Ltd,Vietnam,dye_chemicals,0.895,0.0248,0.0609,5.8,92.0,0
SUP-00967,"Howard, Townsend and Hayes",Pakistan,trims,0.965,0.0231,0.0443,9.1,53.0,0
SUP-00345,"Harper, Smith and Buchanan",Vietnam,packaging,0.9341,0.0199,0.0297,12.8,62.0,0
SUP-00544,Donovan-Perez,Sri Lanka,trims,0.8464,0.0171,0.0148,14.5,132.0,0
SUP-00335,Price LLC,India,buttons,0.9133,0.022,0.034,10.3,88.0,0
SUP-00966,Owens-Russell,Bangladesh,zippers,0.8581,0.0284,0.0404,12.2,93.0,0
SUP-00686,"Boyd, Gutierrez and Hill",Pakistan,buttons,0.637,0.1137,0.0839,26.4,74.0,1
SUP-00269,Hicks-Hill,China,dye_chemicals,0.8355,0.064,0.066,29.7,167.0,1
SUP-00699,"Morrison, Russo and Lopez",Pakistan,dye_chemicals,0.7879999999999999,0.0765,0.0513,18.8,47.0,1
SUP-00743,Lewis Ltd,Pakistan,packaging,0.7989,0.0331,0.0322,10.4,135.0,0
SUP-00973,Green-Ewing,Vietnam,packaging,0.8512,0.0,0.0123,18.5,90.0,0
SUP-00038,"Baker, Mason and White",India,trims,0.7396,0.0484,0.0583,26.7,115.0,1
SUP-00713,"Butler, Hernandez and Rivera",Bangladesh,zippers,0.8771,0.0175,0.0,9.0,104.0,0
SUP-00419,Morrison Ltd,Bangladesh,fabric,0.905,0.0489,0.0437,14.5,51.0,0
SUP-00729,Nichols-Mitchell,Sri Lanka,dye_chemicals,0.9014,0.035,0.0289,16.5,102.0,0
SUP-00954,Barnes Inc,China,buttons,0.8703,0.0172,0.0,5.9,110.0,0
SUP-00968,Baker-Wilson,Pakistan,thread,0.9235,0.0132,0.0244,9.7,105.0,0
SUP-00809,Mueller-Boyd,Indonesia,dye_chemicals,0.8290000000000001,0.0744,0.035,15.0,104.0,0
SUP-00119,May-Ross,Indonesia,thread,0.8390000000000001,0.0373,0.0193,18.9,160.0,0
SUP-00682,"Robinson, Shields and Brown",Bangladesh,fabric,0.838,0.0159,0.0388,18.7,129.0,0
SUP-00087,"Ferrell, Jones and Lewis",Bangladesh,thread,0.7989,0.0621,0.0377,23.8,92.0,1
SUP-00725,Wagner LLC,India,thread,0.9905,0.0307,0.0345,14.8,122.0,0
SUP-00877,Harris-Barker,Vietnam,trims,0.7957,0.035,0.0361,15.0,127.0,1
