Unnamed: 0,supplier_code,supplier_name,country,category,on_time_delivery_rate,defect_rate,cancellation_rate,avg_lead_time_days,order_volume_last_year,is_high_risk,notes
564,SUP-00565,Li PLC,pakistan,thread,0.7949,0.0581,0.067,28.1,50.0,1,
937,SUP-00938,"Rios, Walker and Wright",Bangladesh,packaging,0.9565,0.0079,,13.3,71.0,0,
659,SUP-00660,Chambers-Parker,China,fabric,,0.062,0.0501,22.6,,1,
736,SUP-00737,"Frey, Santos and Johnson",Pakistan,zippers,0.8962,0.0136,0.0272,11.9,93.0,0,
956,SUP-00957,Haynes-Watson,pakistan,fabric,0.7723,0.0422,0.0294,28.1,77.0,1,customer requested rush
749,SUP-00750,"Allen, Davenport and Price",Indonesia,trims,0.8115,0.0554,0.0649,22.4,75.0,1,
630,SUP-00631,Small-Anderson,INDONESIA,zippers,0.848,0.0356,0.0298,  11.0  ,117.0,0,
298,SUP-00299,"Sparks, Jackson and Miller",India,THREAD,0.7667,0.0216,0.0222,17.4,86.0,0,
896,SUP-00897,Miller Inc,vietnam,fabric,0.9811,0.0,0.0192,20.3,81.0,0,TBC
914,SUP-00915,"Wang, Henderson and Morales",China, packaging,0.9329,0.0253,0.0203,12.3,94.0,0,
104,SUP-00105,Nolan-Flynn,Pakistan,trims,,0.0493,0.0606,23.6,104.0,1,
624,SUP-00625,Butler and Sons,China,trims,0.9058,0.041,0.0037,13.3,156.0,0,phone confirmed
386,SUP-00387,"Morales, Thomas and Schultz",Vietnam,dye_chemicals,93.8%,0.0253,0.0264,15.7,153.0,0,TBC
735,SUP-00736,Sutton-Abbott,Sri Lanka,thread,81.6%,0.0435,0.0257,24.6,114.0,1,
813,SUP-00814,"Thompson, Moore and Castro",BANGLADESH,fabric,85.9%,0.0,0.018,22.8,136.0,0,
806,SUP-00807,Guerra Ltd,Pakistan,trims,0.8185,0.0395,0.0533,21.6,86.0,0,
897,SUP-00898,Goodwin PLC,CHINA,Dye Chemicals,0.8612,0.0158,0.0469,10.4,99.0,0,
877,SUP-00878,Khan LLC,P.R. China,fabric,0.9263,0.0301,0.024,  19.9  ,126.0,0,
888,SUP-00889,"Anderson, Jones and Reyes",Vietnam,Buttons,0.999,0.0366,0.0108,12.9,40.0,0,
551,SUP-00552,"Fowler, Jimenez and Burton",VIETNAM,dye_chemicals,0.8839,0.0272,,,97.0,0,
816,SUP-00817,Foster-Mclaughlin,Sri Lanka,zippers,0.9669,0.024,35.3,17.3,163.0,0,
275,SUP-00276,"Burns, Hernandez and Ryan",Bangladesh,packaging,0.9141,0.0259,0.0356,19.1,111.0,0,
798,SUP-00799,"Terrell, Byrd and Ross",Indonesia,thread,0.9186,0.0212,0.0238,14.1,62.0,0,
121,SUP-00122,Johnson-Carlson,Pakistan, buttons,0.9419,0.0301,0.02,9.4,164.0,0,
319,SUP-00320,"Shaw, Nelson and Martin",Vietnam,dye_chemicals,0.9386,0.0368,0.0333,  17.9  ,111.0,0,
772,SUP-00773,Thomas-Jackson,India,thred,0.9103,0.0512,0.0345,17.5,88.0,0,phone confirmed
550,SUP-00551,"Baker, Clark and Armstrong",China,trims,96.2%,0.043,0.0067,20.4,64.0,0,
186,SUP-00187,Sanders-Espinoza,Pakistan,dye_chemicals,71.9%,,0.0471,27.5,64.0,1,
234,SUP-00235,Ortiz Ltd,Pakistan,trims,0.9094,0.0304,0.0328,16.5,114.0,0,
94,SUP-00095,Campbell-Clark,PK,trims,0.9512,0.0735,0.0451,  26.6  ,75.0,1,
342,SUP-00343,Lopez-Martinez,China,buttons,79.0%,0.0312,0.0436,22.6,148.0,1,
146,SUP-00147,Robinson-Brock,India,zippers,0.9125,0.0292,0.0,,81.0,0,
528,SUP-00529,"Daniels, Vance and York",Indonesai,thread,0.9751,0.006,0.0115,13.4,227.0,0,
774,SUP-00775,Ward and Sons,Bangla Desh,zippers,0.8879,0.0578,0.0163,15.5,161.0,1,
331,SUP-00332,"Turner, Ortiz and Taylor",Bangladesh,zippers,0.9091,,0.0677,20.3,152.0,1,
727,SUP-00728,"Arnold, Smith and Moreno",china,dye_chemicals,90.5%,0.0103,0.0342,20.7,50.0,1,
56,SUP-00057,"Washington, Ryan and Cummings",China,TRIMS,0.9178,0.0239,0.0,10.5,119.0,0,urgent
223,SUP-00224,Wilson-Jones,Bangladesh,packaging,0.7935,0.0623,,25.5,,1,
745,SUP-00746,White LLC,Pakistan,thread,0.9414,0.05526418652074944,0.031285840061537826,18.1,70.0,0,TBC
439,SUP-00440,King-York,Indonesia,thread,0.8174,0.0322,0.0608,24.0,119.0,1,
294,SUP-00295,"Brennan, Wallace and Benson",China,dye_chemicals,0.8891,0.021,0.0114,13.9,75.0,0,
794,SUP-00795,"Barnes, Johnson and Schmitt",Sri Lanka, packaging,0.8932,0.0588,0.0396,24.9,135.0,1,
517,SUP-00518,"Hernandez, Cole and Watson",pakistan,zippers,80.6%,0.0339,,18.1,119.0,1,
185,SUP-00186,Johnston-Odonnell,Bangla Desh,zipers,,0.0455,0.0469,17.5,35.0,1,
12,SUP-00013,Arnold Ltd,Vietnam,buttons,0.8191,0.0229,0.0423,16.5,,1,
960,SUP-00961,Green-Edwards,Pakistan,buttons,,0.026,0.0127,11.6,137.0,0,
890,SUP-00891,Taylor-Ayala,Pakisthan,packaging,0.818,0.0649,0.0172,21.1,80.0,1,
198,SUP-00199,Ramirez Group,Sri Lanka,packaging,0.8919,0.0519,,16.6,114.0,0,
157,SUP-00158,"Miller, Hernandez and Reyes",Bangladesh,thread,77.0%,0.0885,0.0655,25.1,94.0,1,
240,SUP-00241,Jones and Sons,Sri Lanka,fabric,0.7726,0.0381,0.0453,16.2,106.0,1,
938,SUP-00939,"Flores, Mckenzie and Duncan",Viet Nam, thread,0.856,0.0745,0.0601,15.6,174.0,1,
611,SUP-00612,Reed Group,Indonesia,DYE-CHEMICALS,87.2%,0.025,0.0286,12.4,109.0,0,
636,SUP-00637,Wilcox-Robertson,Sri Lanka,dye_chemicals,0.7106,0.0936,0.0497,18.0,81.0,1,
87,SUP-00088,Anderson-Bailey,Vietnam,thread,0.9805,0.0199,,12.6,106.0,0,
587,SUP-00588,Robles-Swanson,Bangladesh,zippers,,,0.0548,16.8,108.0,1,
328,SUP-00329,Harvey PLC,Sri Lanka,trims,0.916,0.0296,0.0125,13.9,46.0,0,
18,SUP-00019,"Adams, Zuniga and Wong",Pakistan,fabric,0.8466,0.0463,0.0359,15.0,104.0,0,
59,SUP-00060,Gomez-Jenkins,China,dyechemicals,0.9626,0.0132,0.0373,3.2,81.0,0,
487,SUP-00488,Williams-Hughes,Bangladesh,trims,86.2%,0.0461,0.0098,23.1,111.0,0,
887,SUP-00888,Mcneil Group,India,dye_chemicals,0.999,0.0127,0.0226,13.9,187.0,0,
917,SUP-00918,Herrera Group,india,packaging,0.7776,0.0573,,14.9,103.0,1,
507,SUP-00508,Parker-Morrison,Pakistan,fabric,0.8799,0.0447,,18.9,125.0,1,
601,SUP-00602,Payne-Lowe,Indonesia,packageing,0.8824,0.0298,,24.9,82.0,1,
52,SUP-00053,Chapman and Sons,Indonesia,buttons,0.9351,0.0188,0.0192,14.5,135.0,0,
154,SUP-00155,"Ramirez, Strickland and Washington",India,fabric,0.9751,0.0,,16.7,96.0,0,
750,SUP-00751,"Rivera, Campos and Taylor",China,buttons,80.4%,0.0639,0.0451,16.8,161.0,1,
336,SUP-00337,"Newton, Moore and Perry",Bangla Desh, trims,0.8553,0.0306,0.0401,15.8,116.0,0,
859,SUP-00860,"Martinez, Cline and Wright",VIETNAM,buttons,0.837,0.0561,0.0349,21.7,15.0,1,
599,SUP-00600,Fox-Edwards,India,fabric,0.9715,0.0335,0.0,16.2,104.0,0,
245,SUP-00246,Navarro-Munoz,China,buttons,0.882,0.0355,0.0313,13.7,45.0,0,
930,SUP-00931,"Ward, Porter and Bradley",india,febric,0.984,,0.038,6.8,91.0,0,
784,SUP-00785,Diaz-Frederick,Pakistan,zippers,0.9479,0.0326,0.0057,14.2,105.0,0,
143,SUP-00144,"Lee, Horton and Snyder",Sri Lanka,fabric,90.5%,0.0429,0.0307,16.0,16.0,0,
1,SUP-00002,Doyle Ltd,Sri Lanka, trims,98.9%,0.0278,0.0068,14.2,75.0,0,
795,SUP-00796,"Woodard, Herrera and Little",Pakistan,trims,,0.0416,0.0292,  18.4  ,103.0,0,
757,SUP-00758,Lopez-Willis,China,fabric,0.9264,0.0237,0.0112,12.4,72.0,0,
23,SUP-00024,Morales-Jones,IN,dye_chemicals,0.9426,0.011,0.0293,  13.3  ,94.0,0,
230,SUP-00231,"Branch, Torres and Oliver",China,buttons,0.766,0.0238,,  18.4  ,57.0,0,
100,SUP-00101,Figueroa PLC,Vietnam,dye chemicals,94.1%,0.0255,0.0203,19.8,86.0,0,
593,SUP-00594,Smith LLC,PAKISTAN,buton,0.8735,0.009,0.0352,14.7,54.0,0,n/a
803,SUP-00804,Barton-Chapman,India,trims,0.8598,,0.0296,  18.5  ,177.0,0,
332,SUP-00333,Torres Group,Bangladesh,trims,81.7%,0.0353,0.0249,28.5,,1,
737,SUP-00738,Gray-Tran,China,packaging,94.5%,0.0311,,14.7,104.0,0,
325,SUP-00326,"Martinez, Richardson and Curry",Indonesia,zippers,0.8965,0.0,0.0,18.2,97.0,0,
263,SUP-00264,"Lloyd, Mckinney and Collins", Sri Lanka,dye_chemicals,0.6532,0.0912,0.0812,29.0,103.0,1,
721,SUP-00722,Duran Group,BANGLADESH,thread,0.9036,0.0301,,14.4,143.0,0,
295,SUP-00296,Williams Inc,PAKISTAN,dye_chemicals,0.8338,0.0225,0.0342,19.0,83.0,1,
19,SUP-00020,"Reid, Ferguson and Sanchez",Pakistan,dye_chemicals,0.835,0.0329,0.052,15.7,103.0,0,
903,SUP-00904,Harris-Lawson,India,fabric,0.9129,0.0453,0.0172,19.1,122.0,0,
341,SUP-00342,"Winters, Newman and Brown",Sri Lanka,zippers,71.4%,0.0396,0.0694,20.3,46.0,1,
22,SUP-00023,Perez Inc,China,buttons,0.964,,0.0393,7.3,104.0,0,
645,SUP-00646,"Carrillo, Vaughn and Fowler",Indonesia,dye_chemicals,99.9%,0.0336,0.0335,17.7,140.0,0,
606,SUP-00607,Stewart-Bailey,PAKISTAN,thread,0.9312,0.0423,0.0291,11.7,100.0,0,
992,SUP-00993,Gonzalez-Wilkerson,CN,zippers,0.9173,0.0105,0.0331,7.0,73.0,0,
227,SUP-00228,"Duran, Obrien and Gibbs",CHINA,buttons,,,0.0957,23.4,,1,
380,SUP-00381,"Richardson, Farmer and Andrews",Sri Lanka,thread,0.9189,0.0379,0.0562,18.2,43.0,0,
909,SUP-00910,"Fisher, Payne and Thompson",India,trims,0.7426,0.0696,0.0577,24.8,158.0,1,
106,SUP-00107,"Wright, Garcia and Deleon",India,buton,0.9179,0.0353,0.007,20.1,117.0,0,
912,SUP-00913,Lewis-Livingston,Sri Lanka,thread,0.8301,0.0377,0.0129,11.0,,0,
703,SUP-00704,Dominguez Ltd,Indonesia,zipers,0.8588,0.0115,0.0111,9.7,118.0,0,
604,SUP-00605,"Evans, David and Hendrix",China,trims,0.8289,0.0422,0.0284,20.0,78.0,0,
164,SUP-00165,Castaneda-Ashley,Pakistan,dye_chemicals,0.9095,0.0473,0.0273,15.2,117.0,0,phone confirmed
921,SUP-00922,Wilson-Salazar,china,thread,0.9061,0.0399,0.0156,14.9,96.0,0,
575,SUP-00576,"Cole, Pierce and Bryan",vietnam,trims,77.2%,0.0645,0.1048,19.5,95.0,1,
277,SUP-00278,Gibson-Morris,India,dye_chemicals,0.8465,0.0705,0.0618,26.6,109.0,1,
608,SUP-00609,Huang-Foster,India,zippers,89.4%,0.0541,0.023,20.4,80.0,0,
811,SUP-00812,"Wilson, Sweeney and Wong",ID,febric,0.8233,0.035,,  18.2  ,82.0,0,
183,SUP-00184,"Higgins, Strickland and Martin",Sri Lanka,buttons,0.9145,0.0168,0.0,14.1,43.0,0,
771,SUP-00772,"James, Taylor and Turner",Vietnam,buttons,0.8111,0.0626,0.0735,30.5,120.0,1,
298,SUP-00299,"Sparks, Jackson and Miller",India,THREAD,0.7667,0.0216,0.0222,17.4,86.0,0,
607,SUP-00608,"Hill, Martinez and Rhodes",sri lanka,trims,0.9553,0.0334,0.0141,10.5,133.0,0,
603,SUP-00604,Lee-Wright,Sri Lanka,buttons,0.7013,0.0865,0.051,22.6,59.0,1,
152,SUP-00153,Manning Group,PAKISTAN,thread,0.8698,0.0294,0.0224,5.3,114.0,0,
246,SUP-00247,Davis Ltd,Indonesia, trims,0.8208,0.0404,0.0365,19.0,191.0,0,
243,SUP-00244,Lyons-Bender,China,packaging,0.7947,0.0571,0.0431,20.4,82.0,1,
323,SUP-00324,"Ramsey, Whitney and Coffey",India,zippers,,0.0608,,  19.5  ,77.0,0,TBC
786,SUP-00787,Maldonado PLC,pakistan,thread,0.7516,0.0539,0.0669,29.3,-126.0,1,TBC
53,SUP-00054,"Robinson, Jones and Welch",Vietnam,trims,0.9855,0.046,0.0609,18.5,123.0,1,
744,SUP-00745,Lam-Elliott,Indonesia,trims,0.8439,0.0608,0.0125,22.7,64.0,0,re-check qty
849,SUP-00850,Gonzales Inc,Vietnam,buttons,0.7411,0.0451,0.022,  19.7  ,81.0,1,
997,SUP-00998,Nelson-Johnson,Sri Lanka,buttons,0.8409,0.0134,,15.3,116.0,1,
442,SUP-00443,"Hale, Myers and Larson",Sri Lanka,zippers,0.8087,0.0303,0.0501,24.1,61.0,1,
335,SUP-00336,"Avery, Horton and Fernandez",BD,trims,0.8329,0.0357,0.0357,20.0,48.0,0,
664,SUP-00665,Mitchell and Sons,Vietnam, thread,67.2%,0.0682,0.0523,20.5,97.0,1,
908,SUP-00909,Peck-Anderson,China,fabric,0.8148,0.0791,0.0509,13.9,111.0,1,
258,SUP-00259,Gutierrez-Lopez,Vietnam,trims,0.8469,0.0484,0.0376,20.1,207.0,1,
919,SUP-00920,Collins Group,Pakistan,DYE-CHEMICALS,0.8581,0.0227,0.0301,19.7,119.0,0,
354,SUP-00355,"Fisher, Wilson and Brown",Indonesia,packageing,0.9362,0.0339,0.0,11.2,156.0,0,
122,SUP-00123,Chandler-Edwards,IN,trims,0.888,0.0588,0.0546,  22.0  ,52.0,1,
896,SUP-00897,Miller Inc,vietnam,fabric,0.9811,0.0,0.019133836538789036,20.3,81.0,0,TBC
397,SUP-00398,"Estrada, Williams and Foster",Bangladesh,Trims,0.9148,0.0563,0.0497,22.5,174.0,1,
925,SUP-00926,"Logan, Le and Jackson",Bangladesh, trims,0.9004,0.0244,0.0727,27.0,165.0,1,
15,SUP-00016,Galloway-Wyatt,Bangladesh,buton,0.999,0.0253,0.0033,,,0,
175,SUP-00176,King-Miller,Sri Lanka,Trims,0.8285,0.0565,0.0339,19.1,32.0,0,
670,SUP-00671,"Long, Anderson and Irwin",Pakistan,fabric,0.8441,0.0458,0.064,15.9,51.0,0,
826,SUP-00827,"Mccarthy, Evans and Mendez",CHINA,trims,0.9027,0.0362,0.0048,10.4,135.0,0,
440,SUP-00441,"Marks, Cook and Aguilar",INDIA,dye_chemicals,82.4%,0.0275,0.0186,10.4,112.0,0,
58,SUP-00059,Lee-Davis,India,Trims,92.9%,0.0445,0.0432,  24.4  ,86.0,1,
866,SUP-00867,"Smith, Schroeder and Oconnor",Bangladesh,trims,0.9487,0.0278,0.0073,  9.5  ,142.0,0,
211,SUP-00212,King-Martinez,Sri Lanka,thread,84.9%,0.0398,0.0497,16.1,118.0,1,customer requested rush
257,SUP-00258,"Bryan, Smith and Booth",Indonesia,thread,0.92,0.0,0.0308,4.7,170.0,0,
473,SUP-00474,Lowery-Kennedy,China,packaging,0.8591,0.0507,0.0659,19.2,72.0,1,
403,SUP-00404,Jones-Hensley,Vietnam,fabric,0.8751,0.0327,0.0134,15.3,158.0,0,
184,SUP-00185,Rodriguez-Johnson,bangladesh, fabric,0.8977,0.0562,,12.0,117.0,0,customer requested rush
432,SUP-00433,Hayes LLC,Indonesai,buttons,0.8429,,,10.8,124.0,0,
291,SUP-00292,Young Ltd,Bangladesh,buttons,0.9167,,0.0084,13.4,111.0,1,
889,SUP-00890,"Shaffer, Garcia and Richardson",Sri Lanka,dyechemicals,0.8866,0.0142,,12.5,,0,
401,SUP-00402,Thompson-James,India,zippers,0.9478,0.0465,0.0163,16.1,98.0,0,
639,SUP-00640,Boyle-Smith, Sri Lanka,Dye Chemicals,0.8466,0.0364,0.0178,14.9,119.0,0,
947,SUP-00948,Oconnor PLC,china,dye_chemicals,0.9123,0.0629,,16.2,136.0,0,
633,SUP-00634,Higgins-Smith,India,trims,0.8276,0.0639,0.052,19.3,58.0,1,
406,SUP-00407,Berry-Mckinney,Indonesia,buttons,0.8595,0.0478,0.0322,19.2,94.0,0,
425,SUP-00426,"Brown, Romero and Collins",Vietnam,buttons,0.7927,0.079,0.0405,,155.0,1,
395,SUP-00396,Reed Inc,China,dye_chemicals,,0.0333,0.0453,26.0,161.0,1,
101,SUP-00102,"Patterson, Smith and Jones", India ,packaging,0.6668,0.07,0.0801,30.0,52.0,1,
237,SUP-00238,"Hall, Baker and Moody",VN,Zippers,0.8571,,0.0407,14.0,75.0,0,
399,SUP-00400,Duran LLC,Bangladesh,Fabric,0.803,0.0922,0.1072,21.4,137.0,1,
125,SUP-00126,Smith-Frost,VN,dye_chemicals,0.877,0.0315,,12.7,94.0,0,
93,SUP-00094,Newton and Sons,Pakisthan,Zippers,0.9398,0.0666,0.0311,  24.9  ,104.0,0,
936,SUP-00937,Tran Ltd,Vietnam,zippers,0.8408,0.0745,0.0628,,105.0,1,
994,SUP-00995,Mayo Ltd,India,dye_chemicals,0.669,0.0586,0.0525,  28.1  ,139.0,1,
310,SUP-00311,"Beltran, Lozano and Mcgee",Viet Nam, thread,0.7995,0.0456,0.0601,23.4,57.0,1,customer requested rush
534,SUP-00535,Salazar Inc,Indonesia,packaging,0.8872,,0.0257,15.2,14.0,1,
894,SUP-00895,Bell-Lewis,China,dye_chemicals,0.8566,0.0346,0.0596,24.6,154.0,1,TBC
979,SUP-00980,Johnson Inc,Pakisthan,zippers,0.8604,0.0553,0.07,  17.5  ,,1,
36,SUP-00037,Smith-Bowen,China,packaging,79.6%,0.0363,0.017,14.8,164.0,0,
190,SUP-00191,Reed Group,Vietnam,trims,77.1%,0.0506,0.0627,16.8,132.0,1,
499,SUP-00500,Kelly-Norman,Indonesai,zippers,0.772,0.0506,0.0579,16.7,,1,
438,SUP-00439,Davis-Gregory,Sri Lanka,fabric,0.7914,,0.0912,22.3,73.0,1,
434,SUP-00435,"Kim, Gonzales and Mills",INDIA,PACKAGING,0.8932,0.0,0.0091,9.5,92.0,1,
251,SUP-00252,"Graham, Olsen and Costa",INDONESIA,thread,0.8044,0.057112660558498556,0.03133146916641982,22.7,131.0,1,
733,SUP-00734,Chung-Stevens,Bangladesh,dye_chemicals,0.8997,0.0354,0.0275,16.8,56.0,0,
753,SUP-00754,Peterson PLC,Pakistan,trims,0.9166,0.0075,0.0464,  12.2  ,66.0,0,
371,SUP-00372,Davis Inc,Indonesia,fabric,0.8357,0.059,0.0331,20.5,112.0,1,n/a
830,SUP-00831,"Price, Carlson and Andrews",India,dye_chemicals,0.8178,0.0628,0.0505,14.5,106.0,1,
576,SUP-00577,"Becker, Wilson and Hester",Indonesia,fabric,,0.0402,0.0434,18.5,125.0,0,customer requested rush
671,SUP-00672,Avila LLC,India,zippers,0.9109,0.0317,0.016,9.4,98.0,0,
71,SUP-00072,House-Glover,china,buttons,0.8797,0.0209,0.0505,26.5,106.0,1,
233,SUP-00234,Arnold and Sons,China,packaging,0.9296,0.0352,,  7.9  ,125.0,0,
563,SUP-00564,Wright-Grimes,INDONESIA,DYE-CHEMICALS,0.7973,0.074,0.0514,  23.0  ,95.0,1,
629,SUP-00630,Hays-Daniels,Sri Lanka,thread,0.8981,,0.0461,18.0,73.0,1,
814,SUP-00815,Hall-Sullivan,Viet Nam,zippers,78.2%,0.0662,0.0461,,81.0,1,
569,SUP-00570,Williams-Campbell,China,buttons,0.9852,0.0292,0.025,10.1,111.0,0,
745,SUP-00746,White LLC,Pakistan,thread,0.9414,0.0574,0.0306,18.1,70.0,0,TBC
583,SUP-00584,"Kirby, Wheeler and Romero",Vietnam,dye_chemicals,0.9426,0.0644,0.0508,,120.0,1,
408,SUP-00409,Jackson-Meza,Sri Lanka,thread,0.886,0.0254,0.0133,15.8,116.0,0,
587,SUP-00588,Robles-Swanson,Bangladesh,zippers,,,0.0548,16.8,108.0,1,
600,SUP-00601,Stevens PLC,Bangladesh,Thread,0.8967,0.0237,0.0442,15.0,117.0,1,
989,SUP-00990,Holland Group,CHINA,fabric,0.6954,0.0452,0.0695,30.7,93.0,1,
829,SUP-00830,Brooks and Sons,Bangladesh,fabric,77.8%,0.0486,,,106.0,0,
766,SUP-00767,Johnson LLC,india,BUTTONS,83.4%,0.0122,0.0157,21.5,76.0,0,
5,SUP-00006,"Gardner, Robinson and Lawrence",Indonesia,trims,87.7%,0.0419,0.0443,11.1,90.0,0,re-check qty
208,SUP-00209,Holt-Torres,Vietnam,buttons,91.9%,0.05671204155914995,0.025203047635942877,16.6,24.0,0,
463,SUP-00464,Spencer-Garcia,Vietnam,buttons,0.7801,0.0405,0.0314,18.4,111.0,1,see email
210,SUP-00211,"Pierce, Bell and Chavez",Sri Lanka,packaging,0.809,0.0334,0.0373,24.2,120.0,1,phone confirmed
414,SUP-00415,Dixon Inc,Pakistan,packaging,0.9766,0.0431,0.046,17.9,77.0,0,
13,SUP-00014,"Mcclure, Ward and Lee",Indonesia,trims,87.8%,,0.0564,20.6,116.0,0,
484,SUP-00485,"Butler, Beck and Miller",Pakistan,packaging,0.999,0.0335,0.0315,13.1,85.0,1,
637,SUP-00638,Morales Inc,Indonesia,dye_chemicals,0.8142,0.0709,,27.3,120.0,1,
34,SUP-00035,"Dyer, Potter and Mack",PAKISTAN,trims,89.9%,0.0645,0.0533,18.9,172.0,0,
167,SUP-00168,Johnson-Rogers,Vietnam,thread,0.9412,0.0,0.0232,21.8,116.0,0,
734,SUP-00735,Branch and Sons,indonesia,BUTTONS,0.7769,0.0132,0.0266,15.1,175.0,0,
614,SUP-00615,Gilbert PLC, India ,trims,0.9412,0.0069,0.0261,11.7,122.0,0,
584,SUP-00585,"Patel, Erickson and Evans",Vietnam,BUTTONS,,0.0266,0.0262,8.3,110.0,0,
367,SUP-00368,Gutierrez Group,Indonesia,trims,0.8548,0.0496,0.05,24.9,129.0,1,
162,SUP-00163,"Smith, Gilmore and Johnston",Sri Lanka,thread,0.8744,0.0402,0.0342,22.1,134.0,1,
657,SUP-00658,Chavez PLC,Bangladesh,fabric,0.8744,0.0394,0.0368,25.3,208.0,1,
410,SUP-00411,Kim Inc,VN,thread,0.9262,0.01,0.0,5.7,116.0,0,
112,SUP-00113,"Rodriguez, Brennan and Garrison",Sri Lanka,fabric,0.9342,0.0367,0.0104,21.0,87.0,0,
720,SUP-00721,Landry Ltd,Indonesia,dyechemicals,91.2%,0.0277,0.0325,16.4,73.0,0,
419,SUP-00420,Thompson Ltd,China,zippers,0.8429,0.0403,0.03,8.3,120.0,0,
130,SUP-00131,"Parker, Ortiz and Powell",Indonesia,zippers,0.8542,0.0264,0.037,  11.5  ,70.0,0,
119,SUP-00120,"Rivera, Johnson and Wiley",Pakistan, fabric,0.7602,0.0335,0.0469,,210.0,1,
318,SUP-00319,Buchanan LLC,bangladesh,fabric,0.7859,0.0368,0.0202,21.2,5.0,1,
166,SUP-00167,"Hurst, Freeman and Nelson", India ,buttons,0.9162,0.0127,0.0387,10.3,85.0,0,
208,SUP-00209,Holt-Torres,Vietnam,buttons,91.9%,0.0562,0.0255,16.6,24.0,0,
322,SUP-00323,Taylor and Sons,Indonesia,trims,0.907,0.0103,0.0346,12.6,,0,
791,SUP-00792,"Moore, Henderson and Bennett",China,fabric,82.8%,0.0322,0.0244,16.3,94.0,0,TBC
845,SUP-00846,Weaver-Sherman,Sri Lanka,trims,0.8384,0.0566,0.0358,20.9,140.0,1,TBC
910,SUP-00911,Best-Townsend,BANGLADESH, packaging,0.8905,0.0157,0.017,16.5,119.0,0,
840,SUP-00841,Carter LLC,china,trims,0.8265,0.0204,0.0322,20.1,130.0,1,
194,SUP-00195,"Hernandez, Thompson and Boyd",Sri  Lanka,packaging,0.8468,0.0273,0.0497,19.0,172.0,0,
456,SUP-00457,Bishop-Goodwin,Srilanka,dye_chemicals,0.8788,0.0449,0.0422,14.0,125.0,0,
797,SUP-00798,"Ortega, Jackson and Salazar",Sri Lanka, packaging,0.8453,,0.0472,22.5,75.0,1,
762,SUP-00763,Smith LLC,India,buttons,,0.0697,0.0583,26.6,61.0,0,
941,SUP-00942,Finley Inc,Pakistan,trims,0.9038,,0.0339,9.3,114.0,0,
128,SUP-00129,"Mccall, Hanson and Alvarado",Pakistan,trims,0.9117,,0.033919240849396355,22.5,5.0,0,
452,SUP-00453,Harper and Sons,VIETNAM,fabric,0.999,0.0,0.0003,  3.0  ,99.0,0,
758,SUP-00759,Miller-Montgomery,Sri Lanka,zippers,0.6728,0.0283,0.055,18.6,76.0,0,
949,SUP-00950,Hall LLC,Bangladesh,trims,0.8961,,0.0409,29.3,,1,
491,SUP-00492,Anderson-Bell,Pakistan,Thread,82.1%,0.0218,0.015,18.5,-113.0,0,
338,SUP-00339,Crosby-Ramirez,VN,packaging,93.0%,0.0217,0.0196,16.1,86.0,0,
126,SUP-00127,"Mcdaniel, Bentley and Mclaughlin",Vietnam,thread,0.9111,0.0283,0.0246,14.4,178.0,0,
361,SUP-00362,Lam LLC,Sri Lanka,buttons,0.9214,0.0342,,19.8,53.0,1,
420,SUP-00421,Marshall-Elliott,Pakistan,thread,0.8994,,0.0132,17.8,98.0,0,
718,SUP-00719,White-Preston,Sri Lanka,ZIPPERS,0.9279,0.0338,0.0684,21.2,135.0,0,
61,SUP-00062,Powell LLC,SRI LANKA,buttons,0.9635,,0.03356182043692669,14.7,60.0,0,
537,SUP-00538,"Jones, Compton and Day",China,thred,0.9678,0.0338,0.0288,10.4,47.0,0,
11,SUP-00012,Dudley Group,Viet Nam,fabric,0.9771,0.0045,0.0146,8.3,101.0,0,
923,SUP-00924,"Yang, Wilson and Zimmerman", Sri Lanka,thread,0.8507,0.0597,0.0301,16.5,116.0,1,
605,SUP-00606,Bush-Vaughn,P.R. China,trims,0.946,0.0009,0.04,6.9,88.0,0,
399,SUP-00400,Duran LLC,Bangladesh,Fabric,0.803,0.0922,0.1072,21.4,137.0,1,
49,SUP-00050,"Harris, Collins and Carney",China,TRIMS,,0.0345,0.0145,  21.7  ,88.0,0,
964,SUP-00965,Moore and Sons,Indonesia,fabric,0.8371,0.032,0.0291,17.4,,0,
812,SUP-00813,"Marsh, Spears and Yang",P.R. China,dye_chemicals,78.9%,0.0739,0.0458,20.6,77.0,1,
471,SUP-00472,Combs Ltd,China,fabric,0.7704,0.0596,0.0512,22.4,112.0,1,
838,SUP-00839,Mckinney-Wallace,China,Packaging,0.9232,0.031723266803642375,0.02591991980116892,13.6,141.0,0,
89,SUP-00090,Moore-Bass,Vietnam,dye_chemicals,0.7688,0.0572,0.0535,25.7,138.0,1,
661,SUP-00662,"Robinson, Jones and Henderson",Pakistan,packaging,0.9047,0.0273,,16.4,100.0,0,
327,SUP-00328,Rodriguez-Hall,indonesia,Dye Chemicals,0.773,0.0243,0.0249,18.9,110.0,1,
366,SUP-00367,"Le, Lewis and Hayes",Vietnam, buttons,0.96,0.0409,0.071,16.1,129.0,0,
228,SUP-00229,Rowe Group,China,fabric,,0.06,0.0358,17.6,93.0,0,
974,SUP-00975,"Adkins, Wright and Murray",Indonesia,thred,0.9242,0.0174,0.0234,12.0,149.0,0,
754,SUP-00755,"Sanders, Ayala and Johnson",Indonesia,dye chemicals,0.9686,0.0154,0.0253,9.9,,0,
39,SUP-00040,"Romero, Gonzalez and Brooks",Indonesia,buttons,87.3%,0.0655,0.049,20.8,107.0,1,see email
271,SUP-00272,"Suarez, Shields and Hill",Indonesia,Buttons,77.5%,,0.0647,29.1,46.0,1,
884,SUP-00885,Lewis Inc,Vietnam, fabric,88.1%,0.0192,0.0301,9.7,176.0,0,
374,SUP-00375,"Hoffman, Santiago and Jenkins",Pakistan,thread,0.834,,0.0542,18.6,58.0,1,
145,SUP-00146,Stafford Inc,Sri Lanka,packaging,0.7791,0.0405,0.0697,23.3,108.0,1,
697,SUP-00698,"Calderon, Williams and Bennett",China,dye_chemicals,0.8268,0.097,0.0626,  30.5  ,,1,phone confirmed
586,SUP-00587,Whitney PLC,Bangladesh,Thread,99.9%,0.0,0.0212,7.5,152.0,0,
920,SUP-00921,"Ashley, Allen and Sanchez",Indonesia,packaging,,,0.0277,  22.2  ,72.0,1,
589,SUP-00590,"Patton, Parsons and Lane",Bangladesh,zippers,0.881,0.0327,0.0549,19.7,64.0,1,
262,SUP-00263,Martinez-Dudley,India,PACKAGING,0.7507,0.0719,0.0385,  21.6  ,,1,
281,SUP-00282,Hughes-Alvarado,India, trims,0.7795,0.0807,,24.6,113.0,1,
205,SUP-00206,Freeman-Chang,Sri Lanka,trims,0.8845,0.0512,0.0303,,141.0,1,
301,SUP-00302,Estrada-Nolan,PAKISTAN,zippers,0.8831,0.0389,0.0494,12.3,111.0,0,
462,SUP-00463,"Taylor, Wright and Davidson",Indonesia,febric,0.926,0.0099,,13.9,129.0,0,
6,SUP-00007,Blake and Sons,Vietnam,fabric,0.851,0.0461,0.0042,  14.1  ,113.0,0,
355,SUP-00356,Strickland-Palmer,China,fabric,0.9784,,1.69,15.3,-124.0,0,
672,SUP-00673,Nunez-Stephens,Vietnam,BUTTONS,87.3%,0.0143,0.0246,19.4,87.0,0,
384,SUP-00385,"Farmer, Dorsey and Bell",VN,zippers,0.8268,0.0114,0.0373,23.8,161.0,0,re-check qty
961,SUP-00962,Haynes-Moss,Vietnam,fabric,0.9,0.0119,,15.7,62.0,0,
474,SUP-00475,Blake Group,Indonesai,thread,87.2%,0.0036,0.0248,19.8,129.0,0,urgent
618,SUP-00619,Smith PLC,India,dye_chemicals,0.8831,0.0156,0.0197,15.3,101.0,0,
180,SUP-00181,Wells Inc,bangladesh,thred,0.7271,0.0698,0.048,23.3,49.0,1,re-check qty
326,SUP-00327,Richards-Carson,Vietnam,zippers,0.9208,0.0179,0.0223,18.9,130.0,0,customer requested rush
107,SUP-00108,Dickson-Brady,China,dye_chemicals,85.5%,0.0407,0.0176,16.8,71.0,0,
582,SUP-00583,Martin-Ewing,BD,packaging,90.5%,0.0561,0.0393,30.5,144.0,0,
207,SUP-00208,Davis and Sons,Bangladesh,febric,0.8221,0.035,0.0229,14.3,26.0,1,
214,SUP-00215,"Washington, Hardy and Bray",China,ZIPPERS,0.8723,,0.0173,7.5,87.0,0,
270,SUP-00271,"Thomas, Lee and Greene",P.R. China,Buttons,94.3%,0.0274,0.0034,15.2,147.0,1,
549,SUP-00550,Miller Ltd,Indonesia,thread,0.9561,,0.031,,150.0,0,
911,SUP-00912,Matthews Inc,Sri Lanka,trims,0.9222,0.0018,0.0189,8.5,165.0,0,
928,SUP-00929,Nelson-Brown,Srilanka,fabric,88.7%,,0.0804,30.4,94.0,1,
46,SUP-00047,Anderson Group,China,buttons,0.9592,0.0486,0.0258,20.1,,0,
532,SUP-00533,Johnson-Spencer,Bangladesh,trims,68.7%,0.1065,0.0683,31.3,106.0,1,
140,SUP-00141,Hernandez Inc,SRI LANKA,fabric,0.8648,0.0447,0.0465,19.9,61.0,1,
421,SUP-00422,"Cole, Glass and Cunningham",Pakistan,dye_chemicals,0.8179,0.0298,0.0052,11.4,140.0,1,
510,SUP-00511,Mendez-Graham,bangladesh,packaging,,,0.0545,26.6,122.0,1,
209,SUP-00210,"Wood, Tran and Cooper",Vietnam,packaging,0.8975,0.0538,0.0239,12.6,16.0,0,
650,SUP-00651,Gill Ltd,Sri Lanka,dye_chemicals,0.9374,0.0361,0.0378,17.0,162.0,0,
407,SUP-00408,Roberts-Sullivan,ID,Buttons,0.9368,0.0288,0.0282,15.1,35.0,0,
778,SUP-00779,Alexander-Jordan,Vietnam,Buttons,81.3%,0.0082,0.0247,14.8,,0,
839,SUP-00840,Miller Inc,Sri Lanka,thread,0.8815,0.0551,0.0228,17.1,123.0,0,
948,SUP-00949,Hernandez Group,Bangladesh,thread,0.8171,0.0503,0.0723,23.7,110.0,1,
552,SUP-00553,May-Turner,Vietnam,packaging,0.6615,0.0523,0.0448,  22.8  ,113.0,1,
68,SUP-00069,Russell Group,indonesia, thread,0.8646,0.0265,,  7.3  ,142.0,1,urgent
828,SUP-00829,Allen Inc,PK,fabric,0.8975,0.0431,0.0379,,109.0,1,
416,SUP-00417,"Mullen, Brewer and Hernandez",PK,DYE-CHEMICALS,0.9257,0.0091,0.0151,  15.2  ,105.0,0,n/a
860,SUP-00861,"Morris, Wright and Bridges",Bangla Desh,thread,87.7%,0.026,,,106.0,1,
836,SUP-00837,Lee Group,Sri Lanka,dye_chemicals,90.2%,0.0492,0.0398,15.0,155.0,1,
16,SUP-00017,James Group,Bangladesh,PACKAGING,0.9562,0.0315,0.0249,10.7,41.0,0,
561,SUP-00562,Wright-Davis,Vietnam,zippers,0.8417,0.0423,,,99.0,1,
970,SUP-00971,Hernandez-Dawson,Viet Nam,zippers,0.9295,0.0394,0.0305,15.3,70.0,0,
775,SUP-00776,"Weber, Wheeler and Gonzalez",Indonesia,fabric,0.8777,,0.005,9.2,68.0,0,
405,SUP-00406,Atkins PLC,India,Thread,0.9122,,0.039,17.5,121.0,0,
249,SUP-00250,Ruiz Ltd,China,dye_chemicals,0.9298,0.0304,0.0,16.7,66.0,0,
314,SUP-00315,"Becker, Taylor and Davis",Vietnam,fabric,0.7767,0.072,0.0618,28.2,90.0,1,
503,SUP-00504,"Jimenez, Glass and Stone",Bangladesh,dye_chemicals,77.8%,0.0764,0.064,22.4,164.0,1,
102,SUP-00103,"Mckee, Gardner and Davenport",Sri Lanka,dye_chemicals,0.9405,0.0097,0.0304,13.5,,0,
810,SUP-00811,"Chavez, Jones and Williams",SRI LANKA,trims,0.8045,0.05,,22.3,78.0,0,
370,SUP-00371,Mcdaniel Group,India,trims,0.8127,0.0151,0.0314,20.4,169.0,0,
147,SUP-00148,"Holmes, Williams and Wright",Indonesia,thread,0.9,0.0482,16.6,18.0,129.0,1,
27,SUP-00028,"Hoffman, Baker and Richards",PK,zippers,0.9067,0.04,,5.9,103.0,1,
72,SUP-00073,Henderson-Bernard,India,trims,0.8464,0.0012,0.0279,12.7,183.0,0,
141,SUP-00142,Riggs PLC,Indonesia,trims,0.9354,0.035,0.0431,15.2,102.0,0,
309,SUP-00310,Smith-Grimes,Sri Lanka,fabric,93.1%,0.0406,,16.0,144.0,1,
635,SUP-00636,Thompson Ltd,Vietnam,packaging,0.9954,0.0246,0.0191,15.1,116.0,0,
821,SUP-00822,Diaz and Sons,China,packaging,85.9%,0.0291,0.043,  12.2  ,102.0,0,re-check qty
383,SUP-00384,"Gallegos, Adams and White",Vietnam,packaging,0.9351,,0.0156,  16.0  ,70.0,0,
704,SUP-00705,Sanders and Sons,Pakisthan,packaging,0.8972,0.0281,0.0058,8.2,162.0,0,
413,SUP-00414,Cook and Sons,Bangla Desh,Thread,0.9298,,0.0528,  17.0  ,130.0,0,
158,SUP-00159,Mccarthy Inc,BANGLADESH,dye_chemicals,0.9086,0.0165,0.0405,18.7,134.0,0,
520,SUP-00521,Johnson and Sons,China,packaging,0.8145,,0.0184,17.8,75.0,1,
951,SUP-00952,Blake Group,bangladesh,zippers,0.887,0.0305,0.0074,  10.7  ,114.0,0,
402,SUP-00403,"Hall, Hansen and Barnett",China,zippers,0.8218,0.0818,0.048,16.7,144.0,1,
481,SUP-00482,Carlson-Smith,China,dye_chemicals,0.9754,0.0456,0.0369,11.7,113.0,0,
524,SUP-00525,Gonzalez-Taylor,Bangladesh,thread,0.855,0.0292,0.0226,16.0,153.0,0,
368,SUP-00369,Perry-Davis,Bangladesh,thread,0.8329,0.0215,0.0271,17.2,146.0,0,
596,SUP-00597,Salas-Fitzgerald,Sri Lanka,buttons,0.8618,0.0443,0.0324,19.1,134.0,1,
666,SUP-00667,"Stuart, Brooks and Vance", India ,packaging,,0.0464,0.0,  19.0  ,63.0,0,
739,SUP-00740,Miller Group,Indonesia,fabric,93.5%,0.034623385876768394,0.03431293596492008,21.7,29.0,0,
544,SUP-00545,"Jacobson, Singleton and King",India,zippers,79.6%,0.061,0.0583,31.1,139.0,1,
993,SUP-00994,"Wright, Mcknight and Stephens",China,fabric,0.9857,0.0451,0.0057,3.6,108.0,0,
189,SUP-00190,"Burke, Martinez and Riggs",Indonesia,dye_chemicals,97.9%,0.0264,0.0085,7.9,28.0,0,
523,SUP-00524,"Griffin, Davies and Mitchell",India,trims,0.9808,0.0095,0.0127,19.7,147.0,0,
573,SUP-00574,Williams-Williams,Sri Lanka, thread,0.9552,0.0032,0.0056,4.1,71.0,0,
381,SUP-00382,Bruce-Villegas,India,dye_chemicals,0.8345,0.0465,0.0531,20.4,169.0,1,
132,SUP-00133,"Bentley, Byrd and Orr",Indonesia,zippers,0.9856,0.0425,0.0218,  17.4  ,186.0,0,
654,SUP-00655,Murphy PLC,ID,thred,,,0.0799,24.6,76.0,1,
996,SUP-00997,Durham-Shaw,Indonesia,thread,,0.049,0.0265,14.8,120.0,0,
192,SUP-00193,Short-Garcia,India,buttons,0.85,0.0506,0.0137,  16.0  ,71.0,0,
516,SUP-00517,Reyes-Bradley,India,zipers,0.8879,0.0159,0.0429,16.7,90.0,0,
946,SUP-00947,Vargas-Snyder,India,thread,0.8386,0.049,0.0499,17.2,60.0,1,
756,SUP-00757,Kelly Group,IN,trims,0.916,0.0307,0.0391,14.8,106.0,0,
667,SUP-00668,Kane-Knox,China,packageing,0.9807,0.0285,0.017,8.3,76.0,0,
443,SUP-00444,Collins Group,BANGLADESH,zippers,0.8819,0.0336,0.0556,17.5,73.0,1,
228,SUP-00229,Rowe Group,China,fabric,,0.06,0.0358,17.6,93.0,0,
278,SUP-00279,Pollard and Sons,IN,dye chemicals,0.8152,0.0694,0.0544,19.5,92.0,1,
882,SUP-00883,Barber-Fischer,Indonesia,buttons,0.8077,,0.0714,16.0,157.0,1,
195,SUP-00196,"Nelson, Morton and Medina",indonesia,PACKAGING,0.7283,0.0585,0.0463,20.3,79.0,1,
150,SUP-00151,Salazar-Ball,VIETNAM,packaging,0.7542,0.0585,0.0776,22.7,79.0,1,
306,SUP-00307,Castaneda-Rodriguez,Sri Lanka,fabric,80.2%,0.0627,0.0543,17.9,153.0,1,
554,SUP-00555,Evans-Jones,Pakistan,buttons,0.8847,0.025,0.0209,17.6,149.0,1,
134,SUP-00135,Mitchell-Jordan,Bangladesh,fabric,0.999,,0.0436,13.7,99.0,0,
976,SUP-00977,Anderson Group,Srilanka,zippers ,0.7412,0.106,0.0996,22.4,63.0,1,
96,SUP-00097,Wagner-King,China,thread,0.889,0.0357,0.0018,11.7,88.0,0,
24,SUP-00025,"Walter, Edwards and Rios",China,fabric,83.4%,0.0355,0.0396,17.9,,0,
182,SUP-00183,Jackson-Lawson,PK, thread,80.6%,0.0364,0.0313,21.1,97.0,0,
668,SUP-00669,Miller-Brandt,PAKISTAN,thred,0.8553,,0.0361,  20.3  ,47.0,0,
495,SUP-00496,Carter Inc,PAKISTAN,THREAD,0.7924,0.0557,0.054,20.4,137.0,1,
43,SUP-00044,Allen-Allen,sri lanka,thred,0.8558,0.0,0.022,11.2,130.0,0,
321,SUP-00322,Brock-Mcdonald,Indonesia,trims,0.8857,0.0339,0.0122,7.3,153.0,0,
115,SUP-00116,Walker Ltd,India,fabric,,0.0558,0.0505,14.6,138.0,1,
886,SUP-00887,"Wallace, Smith and Cooper",China,buttons,0.8166,0.047,0.0407,  17.6  ,98.0,0,
851,SUP-00852,"Norris, Callahan and Bishop",Indonesia,dye_chemicals,0.8879,0.0211,0.0433,24.0,115.0,0,
423,SUP-00424,Hernandez-Jones,Indonesai,trims,0.8644,0.029,0.0476,12.7,103.0,1,
594,SUP-00595,Hernandez-Vaughn,Indonesia,buttons,0.816,0.0731,0.041,22.0,125.0,0,
514,SUP-00515,"Gregory, Kim and Martinez",Pakistan,zippers,0.83,0.0088,0.0092,12.7,57.0,0,urgent
682,SUP-00683,"Holder, Young and Hendricks",INDIA,dye_chemicals,0.7877,0.0446,0.0193,,67.0,0,
971,SUP-00972,Foster-Williams,China,fabric,0.8343,0.0551,0.0275,16.0,61.0,0,n/a
819,SUP-00820,Goodwin-Stokes,India,buttons,0.8202,0.0372,0.0264,,26.0,0,
713,SUP-00714,Hudson-Sanchez,Pakistan,buttons,0.9145,0.0,0.0356,16.1,164.0,0,
706,SUP-00707,"Howard, Green and Hunt",Bangladesh,dye_chemicals,0.8642,0.0444,0.0541,13.5,-110.0,0,
540,SUP-00541,"Matthews, Saunders and Anderson",Indonesia,thread,0.8678,0.0269,0.0324,  26.2  ,105.0,0,
57,SUP-00058,"Johnston, Sanchez and Kennedy",Indonesai,packaging,0.8578,,0.0544,11.7,,0,
581,SUP-00582,"Barry, Taylor and Velazquez",Vietnam,dye_chemicals,0.7778,0.0524,0.0381,22.8,62.0,1,
785,SUP-00786,Vargas PLC,India,thread,0.826,0.0561,0.0493,  23.8  ,81.0,1,urgent
241,SUP-00242,Larson-Holloway,Indonesia,packaging,0.8713,0.0647,0.0341,8.3,66.0,0,
496,SUP-00497,Blackwell LLC,indonesia,buttons,0.9042,0.0607,0.0106,14.8,81.0,0,customer requested rush
655,SUP-00656,Wilson-Harris,PK,dye_chemicals,0.8647,,0.0353,18.2,,0,
748,SUP-00749,Hickman-Evans,Sri Lanka,buttons,86.7%,0.0159,0.0083,21.1,76.0,0,
272,SUP-00273,Morgan-French,Indonesia,fabric,0.828,,0.0039,8.3,105.0,1,phone confirmed
708,SUP-00709,"Harrison, Franco and Rocha",Vietnam,thread,0.91,0.0418,0.0334,  15.2  ,68.0,0,
973,SUP-00974,Crane Group,India,buttons,0.8165,0.0386,0.0663,19.9,140.0,1,
311,SUP-00312,Parsons-Hall,China,TRIMS,,0.0,0.0074,10.5,98.0,0,
351,SUP-00352,Guerrero Inc,India,trims,82.3%,0.0294,0.022,,127.0,1,
264,SUP-00265,Tran Inc,China,packaging,87.0%,,0.0318,11.2,38.0,0,
761,SUP-00762,"Moore, Price and Ward",China,thread,0.8073,0.0317,0.0354,13.0,169.0,0,
765,SUP-00766,Hawkins-Hunt,Pakistan,buttons,0.8781,0.0347,0.0408,14.6,,0,
985,SUP-00986,Reyes Group,ID,TRIMS,0.999,0.0337,0.0115,  10.5  ,171.0,0,
449,SUP-00450,Jones Inc,China,dye_chemicals,0.9119,0.025,0.036,13.1,127.0,0,
472,SUP-00473,Moody-Taylor,Vietnam,fabric,0.9267,0.0017,0.0155,18.7,38.0,0,
461,SUP-00462,Burch-Montoya,India,thread,0.849,0.0698,0.0616,,42.0,1,
906,SUP-00907,Cruz-Allen,VN,zippers,0.9254,0.0383,0.0,14.0,-204.0,0,
834,SUP-00835,Edwards Group,Pakistan,dye_chemicals,0.8369,0.0352,,19.0,102.0,0,customer requested rush
730,SUP-00731,Rodriguez Inc,Sri Lanka,packaging,0.9138,0.0184,0.0273,5.3,,0,
271,SUP-00272,"Suarez, Shields and Hill",Indonesia,Buttons,77.5%,,0.06548540497395143,29.1,46.0,1,
688,SUP-00689,David-Powers,Indonesia,zippers,94.5%,0.0163,0.0173,5.8,170.0,0,
67,SUP-00068,Novak and Sons,CHINA,buttons,0.9142,0.0074,0.0244,14.8,133.0,0,
446,SUP-00447,"Henderson, Cox and Cox",Pakistan,thread,0.8445,0.0307,0.0238,16.7,56.0,1,phone confirmed
441,SUP-00442,Rangel LLC,Bangladesh,Buttons,85.6%,0.0433,0.0546,22.4,110.0,1,
349,SUP-00350,"Smith, Garrison and Thomas",Bangladesh,dye_chemicals,0.8659,0.0472,0.0262,20.0,94.0,1,
279,SUP-00280,"Reyes, Chase and Jenkins",Pakistan,buttons,0.8149,0.0766,0.0458,35.0,105.0,1,
825,SUP-00826,Bruce-Williamson,Bangladesh,dye_chemicals,0.9898,0.0085,0.0387,18.1,144.0,1,
248,SUP-00249,Johnston-Hines,Vietnam,Thread,0.8697,,0.0252,  9.7  ,51.0,0,
918,SUP-00919,"Walters, Davenport and Becker",Sri Lanka,trims,0.9483,0.0176,0.0277,19.0,124.0,0,
412,SUP-00413,"Miller, Harrell and Reese",India,dye_chemicals,0.8082,,0.0531,20.5,117.0,1,
782,SUP-00783,Faulkner-Casey,Bangladesh,trims,0.9385,0.0031,0.0632,  14.7  ,110.0,0,
63,SUP-00064,"West, Henderson and Ramirez",Pakistan,zippers,0.8207,0.0336,0.0498,22.4,56.0,1,
280,SUP-00281,Garner-Thornton,Bangladesh,fabric,0.966,0.0357,0.0295,  15.0  ,102.0,1,
656,SUP-00657,"Burns, Nolan and Griffin",Viet Nam,fabric,,0.0656,0.0411,20.1,95.0,0,
32,SUP-00033,"Ferrell, Rice and Maddox",Bangladesh,fabric ,,0.0456,0.0621,8.1,90.0,1,
823,SUP-00824,Rose-Fowler,PAKISTAN,buttons,,0.0497,0.0211,15.0,140.0,0,
924,SUP-00925,"Smith, Crawford and Reed",Pakistan,thread,0.9406,0.0262,0.0,17.3,,0,
871,SUP-00872,Kelley-Anderson,China,BUTTONS,0.7749,0.0532,0.0504,  23.6  ,184.0,0,
83,SUP-00084,"Edwards, Baker and Anderson",india,dye_chemicals,98.5%,0.0077,0.0,10.9,106.0,0,
726,SUP-00727,"Durham, Hopkins and Smith",VN,packaging,91.0%,0.0189,0.0,16.0,138.0,0,
927,SUP-00928,"Tanner, Wise and Johnson",Indonesia,thread,0.94,0.01,0.0,14.1,99.0,0,
272,SUP-00273,Morgan-French,Indonesia,fabric,0.828,,0.0039,8.3,105.0,1,phone confirmed
212,SUP-00213,Stewart Ltd,Indonesia,packaging,0.8541,0.0497,0.0271,10.2,61.0,0,
885,SUP-00886,Wheeler PLC,Sri Lanka,dye_chemicals,0.9438,0.0381,0.063,15.1,132.0,0,
789,SUP-00790,Fuentes Group,China,packageing,0.8244,0.0469,0.0513,  21.1  ,119.0,1,
441,SUP-00442,Rangel LLC,Bangladesh,Buttons,85.6%,0.0433,0.0546,22.4,110.0,1,
954,SUP-00955,Dawson Inc,Indonesia,thread,0.6699,0.0524,,23.7,79.0,1,
878,SUP-00879,Baxter LLC,Bangladesh,Zippers,0.8556,0.0365,0.0107,  12.8  ,,0,
465,SUP-00466,Cole-Palmer,China,dye_chemicals,0.8778,0.063,,,146.0,1,
117,SUP-00118,Rasmussen LLC,Sri Lanka,fabric,0.999,0.0227,,13.1,,0,
790,SUP-00791,"Porter, Schultz and Allen",China,trims,0.8886,0.0135,0.0316,17.3,58.0,0,
196,SUP-00197,Marshall-Petersen,Sri Lanka,trims,0.8935,0.0265,0.0044,20.7,155.0,0,
7,SUP-00008,"Henderson, Ramirez and Lewis",Vietnam,thread,0.8495,0.0507,0.0322,11.9,57.0,0,
867,SUP-00868,"Stanton, Reid and Terry",Sri Lanka,dye_chemicals,0.9606,0.0054,0.0038,15.2,89.0,0,
389,SUP-00390,Moore-Collins,Vietnam,thread,0.9725,0.0239,,  13.5  ,60.0,0,
0,SUP-00001,"Rodriguez, Figueroa and Sanchez",ID,fabric,0.7871,0.0149,0.0339,14.8,104.0,0,
221,SUP-00222,Harrison-Alexander,China,dye chemicals,0.8364,0.0389,0.0764,17.4,71.0,1,phone confirmed
340,SUP-00341,Garcia-Jennings,Vietnam,dye_chemicals,0.999,0.0174,0.041,15.9,45.0,0,
612,SUP-00613,"Scott, Mendoza and Harris",India,Thread,0.9208,0.0196,0.0301,16.5,84.0,1,
255,SUP-00256,"Johnson, Miller and King",india,TRIMS,0.8868,0.0558,,19.3,120.0,0,
502,SUP-00503,Morgan-Lopez,Bangladesh,thread,0.8533,0.0387,0.0549,20.6,96.0,1,see email
252,SUP-00253,Bailey-Cook,Pakistan,zippers,0.7915,0.0234,0.0674,20.9,138.0,1,
251,SUP-00252,"Graham, Olsen and Costa",INDONESIA,thread,0.8044,0.057,0.0304,22.7,131.0,1,
3,SUP-00004,Davis and Sons,IN,buttons,0.8522,0.0302,0.0229,19.4,148.0,0,
73,SUP-00074,"Stanley, Tucker and Lee",Vietnam,packaging,0.8626,0.0322,0.0444,23.7,85.0,1,
25,SUP-00026,Wilkerson-Day,Sri Lanka,thread,0.8835,0.0182,,10.8,125.0,0,
653,SUP-00654,"Leach, Harris and Herrera",BANGLADESH,zippers,84.8%,0.0433,0.0525,24.8,114.0,1,
820,SUP-00821,Ray PLC,Pakistan,packaging,0.9414,0.0128,0.0347,11.7,142.0,1,
357,SUP-00358,"Williams, Logan and Camacho",india,trims,0.8539,,0.0133,,75.0,1,
260,SUP-00261,Wolf-Harris,Sri Lanka,fabric,0.9527,0.0336,0.0223,14.4,64.0,0,
215,SUP-00216,"Carlson, Hooper and Wall",India,trim,0.81,0.0189,0.0,10.6,74.0,0,
307,SUP-00308,Armstrong-Andrews,China,buttons,0.8543,0.0371,0.0302,27.9,124.0,0,
675,SUP-00676,Johnson Ltd,Sri Lanka,fabric,,0.0172,,18.9,134.0,0,n/a
807,SUP-00808,Bailey LLC,Pakistan,trims,79.7%,0.0602,0.0748,22.1,,1,
120,SUP-00121,White-Estes,Pakistan,packaging,93.4%,0.0273,0.0264,12.5,54.0,0,
415,SUP-00416,"Hicks, Bullock and Bailey",Indonesai,fabric,0.7392,0.0395,0.0691,35.0,72.0,1,
926,SUP-00927,Brady LLC,Sri Lanka,thread,0.774,0.0663,0.0574,  18.3  ,50.0,1,
559,SUP-00560,Anderson-Wood,INDIA,zippers,0.767,0.0275,0.041,15.3,114.0,1,
282,SUP-00283,"Pollard, Simpson and Johnson",China,dye_chemicals,0.7833,,,16.7,85.0,0,
65,SUP-00066,Morton-Chase,LK,buttons,,0.0192,0.0393,6.5,126.0,0,
303,SUP-00304,Jones LLC,Vietnam,thread,0.74,0.0587,0.0939,28.6,54.0,1,
316,SUP-00317,"Diaz, Anderson and Browning",INDIA,zippers,88.5%,0.0255,0.0587,16.7,108.0,0,
26,SUP-00027,Baker and Sons,LK,zippers,77.8%,0.0466,0.0494,19.6,84.0,1,
693,SUP-00694,Faulkner-Grant,bangladesh,BUTTONS,0.9728,0.0143,0.018,21.5,119.0,0,
711,SUP-00712,Tran-Silva,Vietnam,Thread,0.812,0.0651,0.0418,19.6,49.0,1,
841,SUP-00842,Medina and Sons,Indonesia,trims,0.9005,0.0281,0.0467,  14.5  ,152.0,0,
815,SUP-00816,Lopez Ltd,Indonesia,Buttons,0.7747,0.0439,0.0316,15.4,121.0,1,
536,SUP-00537,"Mendoza, Jenkins and Ortiz",Viet Nam,packaging,81.0%,0.009,0.0,10.3,76.0,0,
360,SUP-00361,Henry Group,india,fabric,86.1%,0.0564,0.0665,20.7,37.0,1,
493,SUP-00494,"Marshall, Dominguez and Welch",Sri Lanka,THREAD,0.8664,0.012,0.0404,14.5,103.0,1,
506,SUP-00507,"Carter, Garcia and Murphy",Pakistan,buttons,0.999,0.03,0.0301,16.8,60.0,0,
640,SUP-00641,Young-Molina,pakistan,buttons,0.9075,0.0225,0.0526,14.5,114.0,0,
450,SUP-00451,"Wise, Conley and Stephenson",Sri Lanka,thread,0.8943,0.0391,0.0352,16.4,106.0,1,
764,SUP-00765,Miller Group,Vietnam,trim,0.835,0.0207,0.0347,12.0,102.0,0,
498,SUP-00499,"Kennedy, Johnson and Lucas",Indonesia,packaging,0.8548,0.0592,0.0156,17.6,92.0,0,
942,SUP-00943,Cline-Ayala,ID,dye_chemicals,0.7799,0.0686,0.0772,24.3,137.0,1,
512,SUP-00513,"Sullivan, Palmer and Brady",Bangladesh,zippers,,0.0307,0.0572,13.1,81.0,1,
226,SUP-00227,Miller-Wright,India,packageing,0.999,0.0075,0.0,,141.0,1,
10,SUP-00011,Blair PLC,INDIA,packaging,0.7411,0.0296,0.0273,16.3,111.0,1,
755,SUP-00756,Bowers-Hayes,Sri Lanka,thread,0.8705,0.053,0.0709,22.0,114.0,1,
431,SUP-00432,"Lopez, Jacobs and Mason",PAKISTAN,THREAD,0.7819,0.043193310285003055,0.04197128741614145,,47.0,1,
572,SUP-00573,Luna-Gallagher,Sri Lanka,Dye Chemicals,0.828,0.0469,0.0453,24.5,65.0,1,
852,SUP-00853,Martin-Taylor,Bangladesh,trims,0.7226,0.0593,,21.5,58.0,1,customer requested rush
409,SUP-00410,Collier-Gillespie,Bangladesh,zippers,0.9286,0.0673,0.0464,17.4,105.0,0,
433,SUP-00434,"Miller, Lucas and Williams",Pakistan,Thread,0.6937,0.1025,0.0363,19.8,44.0,1,
238,SUP-00239,"Guerrero, Peck and Coleman",Indonesia,fabric,0.9124,0.0365,0.0113,9.6,119.0,1,
373,SUP-00374,"Watson, Anderson and Brown",Pakistan,fabric,0.8921,,0.0093,12.2,122.0,0,phone confirmed
411,SUP-00412,Graham Group,Bangla Desh,fabric ,0.8908,0.0266,0.0363,14.3,97.0,0,
469,SUP-00470,Hughes Inc,Sri Lanka,dye_chemicals,0.8182,0.0653,0.0837,19.7,126.0,1,
857,SUP-00858,"Ochoa, Taylor and Brady",Bangla Desh,febric,0.7391,0.06060006612907607,0.06191276044230347,13.6,78.0,1,
97,SUP-00098,Davis Group,India,thread,0.8458,0.018,0.0134,19.0,89.0,1,
457,SUP-00458,Young-Allen,Sri Lanka, buttons,0.9002,0.0089,0.0092,  15.4  ,74.0,0,
777,SUP-00778,Cook-Oliver,China,trims,0.8522,0.0299,0.0339,8.8,73.0,0,
244,SUP-00245,"Fernandez, Kim and George",IN,trim,0.8792,0.036,0.0366,13.1,139.0,0,
20,SUP-00021,Gray-Mayo,India,Trims,,0.045,,17.9,53.0,0,
702,SUP-00703,Burgess Group,Sri Lanka,zippers,0.7904,0.0583,0.0882,20.5,76.0,1,
557,SUP-00558,Edwards Ltd,China,fabric,0.7617,0.0658,0.0366,25.0,78.0,1,
468,SUP-00469,Brown-Shaw,ID,trims,0.9468,0.0411,,14.4,170.0,0,
436,SUP-00437,Ortiz-Morgan,Bangladesh,packaging,96.7%,0.0269,0.0369,14.5,121.0,0,
422,SUP-00423,"Downs, Morris and Maddox",Bangladesh,packaging,0.8689,0.0579,0.0005,  15.0  ,106.0,0,
691,SUP-00692,Atkinson LLC,India, thread,0.8702,0.0414,0.0453,20.4,129.0,1,
476,SUP-00477,Scott and Sons,India,fabric,0.8704,0.0428,0.0273,10.4,69.0,0,
620,SUP-00621,Santos-Avila,Indonesia,dye_chemicals,0.815,0.0481,,20.9,52.0,1,
831,SUP-00832,Lopez-Reid,INDIA,dye_chemicals,0.8115,0.0548,0.0527,23.8,87.0,1,
406,SUP-00407,Berry-Mckinney,Indonesia,buttons,0.8595,0.0478,0.0322,19.2,94.0,0,
861,SUP-00862,Burns-Ray,CN,trims,0.985,0.0166,0.0048,,123.0,0,
385,SUP-00386,Kane PLC,Pakistan,THREAD,0.9441,0.0295,0.021,5.5,142.0,0,
535,SUP-00536,Parker Ltd,China, thread,0.7801,0.0474,0.0748,19.5,,1,
719,SUP-00720,"Bernard, Warren and Combs",Indonesia,thread,78.1%,0.0509,0.0159,18.2,,1,
645,SUP-00646,"Carrillo, Vaughn and Fowler",Indonesia,dye_chemicals,99.9%,0.0336,0.0335,17.7,140.0,0,
567,SUP-00568,Landry PLC,China,thread,0.9396,,0.0221,14.4,141.0,1,
707,SUP-00708,Owens-Lang,India,thread,0.887,0.0444,0.0286,21.0,95.0,0,
375,SUP-00376,"Pugh, Henderson and Moon",INDIA, buttons,0.8673,0.0287,0.0342,14.9,88.0,0,see email
460,SUP-00461,Strickland-Shaw,India,buttons,,0.0499,0.0215,18.8,153.0,1,
261,SUP-00262,"Anderson, Roberts and Gilmore",Sri Lanka,trims,0.999,0.036,0.0,9.2,137.0,0,
658,SUP-00659,Bryant-Brown,china,zippers ,0.9592,0.0347,0.0269,16.1,82.0,0,
990,SUP-00991,Andrade-Mendoza,India,ZIPPERS,84.3%,0.0343,0.0336,23.9,133.0,1,
538,SUP-00539,Owens-Holmes,Indonesai,PACKAGING,0.9738,0.0069,0.0175,  10.7  ,107.0,0,
458,SUP-00459,Mckee-Lee,India,dye_chemicals,0.8405,0.0394,0.0247,22.2,69.0,1,
99,SUP-00100,Walsh LLC,indonesia,zippers,0.8074,0.0424,0.0452,18.4,138.0,1,
792,SUP-00793,Ewing-Mendoza,Pakistan,trims,0.9117,0.0259,0.0205,13.3,209.0,0,
526,SUP-00527,Osborn-Cochran,India,trims,0.8996,0.0254,0.0258,14.4,105.0,0,
824,SUP-00825,"Price, Long and Wilson",China,dye chemicals,0.8915,0.0333,0.0412,17.2,112.0,0,
199,SUP-00200,Christensen PLC,Bangladesh,packaging,0.8763,0.0262,0.0255,16.0,122.0,0,
952,SUP-00953,"Acosta, Garcia and Moreno",Indonesia,zippers,0.873,0.0147,0.0256,11.1,116.0,1,
716,SUP-00717,Murray-Oconnor,India,dye_chemicals,0.8921,0.0477,0.0362,15.2,97.0,0,
489,SUP-00490,Cooper Ltd,Vietnam,trims,0.8522,0.0615,-0.0312,19.1,98.0,1,
431,SUP-00432,"Lopez, Jacobs and Mason",PAKISTAN,THREAD,0.7819,0.0435,0.0418,,47.0,1,
881,SUP-00882,Williams Ltd,BANGLADESH,fabric,82.7%,0.0709,0.0531,24.5,120.0,1,
30,SUP-00031,Burton Ltd,Indonesia,thread,,0.065,0.0549,17.5,75.0,0,
312,SUP-00313,Robinson-Lee,Pakistan,zippers,0.929,0.0442,0.0432,9.6,118.0,0,
492,SUP-00493,Li-Thompson,Pakistan,thread,82.7%,0.035,0.0311,21.9,143.0,0,
269,SUP-00270,Baird-Sanchez,Pakistan,fabric,0.9882,,0.0201,11.4,75.0,1,n/a
577,SUP-00578,Brooks-Hatfield,India,buttons,77.6%,0.0535,-0.0559,19.8,54.0,1,
464,SUP-00465,"Rosales, Mitchell and Hines",Bangladesh,trims,0.8328,0.0291,0.0816,,111.0,1,
804,SUP-00805,"Hernandez, Cuevas and Webb",India,packaging,0.8189,,0.0016,12.9,120.0,0,
353,SUP-00354,"Morris, Thompson and Williams",Vietnam,trims,0.8805,0.0013,0.0046,  10.1  ,61.0,0,
359,SUP-00360,Boone-Simmons,pakistan,BUTTONS,0.8154,0.0544,0.0221,18.0,113.0,0,
870,SUP-00871,Adams-Clayton,Sri  Lanka,trims,93.6%,0.0167,0.0,10.9,85.0,0,
709,SUP-00710,Edwards-Williams,CHINA,zippers,0.9313,0.0197,0.031,19.8,97.0,1,
873,SUP-00874,Williams Ltd,India,dye_chemicals,0.888,0.0193,0.0421,15.0,149.0,0,
868,SUP-00869,Flynn Group,Bangladesh,packaging,0.9944,0.0196,0.0403,7.6,115.0,0,
319,SUP-00320,"Shaw, Nelson and Martin",Vietnam,dye_chemicals,0.9386,0.0368,0.0333,  17.9  ,111.0,0,
447,SUP-00448,Bean LLC,china,dye_chemicals,0.8447,0.0214,,17.0,80.0,0,
843,SUP-00844,Dunn-Wilson,BD,dye_chemicals,92.4%,0.0031,0.0211,8.8,96.0,0,
337,SUP-00338,Bass PLC,Indonesia,buttons,0.8747,0.0222,0.0256,17.2,89.0,0,
530,SUP-00531,Hicks-Martinez,Sri Lanka,fabric,0.999,0.0,0.0,9.9,120.0,0,
621,SUP-00622,Morris-Brewer,vietnam,zippers,92.3%,0.0349,-0.0252,12.1,119.0,0,
444,SUP-00445,"Conner, Li and Santiago",India,THREAD,0.999,0.0384,0.0117,10.5,134.0,0,
285,SUP-00286,Bowen Group,Indonesia,dye_chemicals,0.8694,0.032,0.0263,23.6,154.0,1,
256,SUP-00257,Cordova Group,China,buttons,0.9023,0.0419,0.0295,18.2,193.0,0,
204,SUP-00205,Miller Ltd, Sri Lanka,packaging,0.8591,0.0,0.0222,8.8,96.0,1,
339,SUP-00340,"Wood, Ramos and Sampson",China,thread,0.9065,0.0413,0.0253,23.3,118.0,0,
218,SUP-00219,Williams-Brown,Bangladesh,buttons,0.8377,0.0398,0.0426,25.4,45.0,1,
833,SUP-00834,Burns and Sons,indonesia,thread,0.8952,0.0226,0.0256,  10.5  ,38.0,0,
940,SUP-00941,Walker PLC,Indonesia,fabric,0.8497,0.0515,0.0468,  14.5  ,,0,
224,SUP-00225,Jones-Soto,Viet Nam,FABRIC,0.8145,0.0133,0.0413,5.9,112.0,0,
518,SUP-00519,Hines-Berry,China,zippers,0.9683,0.0496,,3.0,95.0,1,
76,SUP-00077,"Woods, Calhoun and Schmidt",Vietnam,THREAD,0.8531,0.03,0.0463,22.8,85.0,0,
553,SUP-00554,Ballard Ltd,China,fabric,0.7542,0.0757,0.0219,  21.0  ,113.0,1,
725,SUP-00726,Williamson Ltd,Sri Lanka,buttons,0.7164,0.0446,,24.3,,0,
358,SUP-00359,"Turner, Schneider and Johnson",China,Buttons,0.9097,0.0435,0.0036,16.2,94.0,0,
188,SUP-00189,Garcia LLC,Bangladesh,trims,0.8404,0.0253,0.0041,,118.0,0,
347,SUP-00348,Willis and Sons,BANGLADESH,trim,0.8348,0.0398,,15.2,57.0,0,
625,SUP-00626,Osborn Group,Bangladesh,zippers,0.9198,,0.0016,22.1,5.0,0,
320,SUP-00321,Coffey-Phillips,Vietnam,trims,0.8499,0.0273,,17.0,75.0,0,
854,SUP-00855,"Bell, Campbell and Ryan",Bangladesh,FABRIC,0.9425,0.0407,0.0408,12.2,156.0,0,
225,SUP-00226,Hernandez PLC,sri lanka,packaging,,0.0351,0.0421,14.0,145.0,0,
527,SUP-00528,Contreras-Mckinney,Bangladesh,trims,0.8541,0.0019,0.0393,15.5,129.0,0,
779,SUP-00780,"Mccann, Taylor and Flores",Sri Lanka,thred,0.865,,,11.9,111.0,0,TBC
627,SUP-00628,Mcdowell-Smith,Bangladesh,Thread,0.8014,0.0238,0.01,16.8,119.0,0,
935,SUP-00936,Mora-White,Bangladesh,packageing,0.9246,0.0439,0.0391,15.4,112.0,0,
169,SUP-00170,Hooper PLC, India ,zippers,0.9047,0.0,0.0339,16.3,122.0,0,
237,SUP-00238,"Hall, Baker and Moody",VN,Zippers,0.8571,,0.0407,14.0,75.0,0,
838,SUP-00839,Mckinney-Wallace,China,Packaging,0.9232,0.0315,0.0262,13.6,141.0,0,
883,SUP-00884,Rios-Padilla,INDONESIA,Trims,0.8588,0.0448,0.0469,16.7,14.0,0,
776,SUP-00777,Taylor Inc,Pakistan,thread,0.8706,0.0107,0.0191,16.1,97.0,0,
308,SUP-00309,"Phillips, Spence and Barrett",vietnam,zippers,0.836,0.0463,0.0519,18.7,106.0,0,
85,SUP-00086,Smith PLC,Vietnam,fabric,0.7764,0.0411,0.0285,  12.3  ,169.0,0,
133,SUP-00134,"Carroll, Sullivan and Bass",Bangladesh,PACKAGING,0.6862,0.0561,0.0621,28.2,76.0,1,
509,SUP-00510,Williams-Berg,India,dye chemicals,0.8999,0.0515,0.0255,,126.0,0,
879,SUP-00880,Pena LLC,India,fabric,0.9219,0.0402,0.0097,6.7,97.0,0,
900,SUP-00901,Wright PLC,Pakistan,BUTTONS,0.7806,0.0424,0.0595,26.8,108.0,1,
547,SUP-00548,"Moore, Hopkins and Le",ID,BUTTONS,99.9%,0.0311,,7.7,186.0,0,
21,SUP-00022,"Watts, Robinson and Nguyen",BD,ZIPPERS,0.9349,0.0365,0.0,7.6,143.0,0,
619,SUP-00620,Russell Group,China,packageing,0.9746,0.0074,0.0013,15.2,132.0,1,
451,SUP-00452,Stanley PLC,Sri Lanka,trims,0.8492,0.0533,0.031,19.0,93.0,1,
153,SUP-00154,Green-Wright,Pakistan,thread,93.8%,0.0585,0.0,16.3,95.0,0,
388,SUP-00389,Bennett Group,Bangladesh,Dye Chemicals,0.8273,,0.0401,24.7,122.0,1,
330,SUP-00331,Reid Group,P.R. China,trims,0.7971,0.0485,0.0874,21.5,153.0,1,
982,SUP-00983,Williams Group,Pakistan,packaging,0.9697,0.0,0.0013,9.6,147.0,0,
172,SUP-00173,White-Green,BANGLADESH,dye_chemicals,0.8694,0.0097,0.0072,15.4,146.0,0,
652,SUP-00653,"Cox, Stark and Rodriguez",Bangladesh,trims,0.8575,0.0233,0.0559,16.1,74.0,1,
329,SUP-00330,Herman-Walker,P.R. China,packaging,92.1%,0.0378,,14.8,107.0,0,
497,SUP-00498,Robertson-Hays,Bangladesh,buttons,0.77,0.0631,0.0761,26.8,92.0,1,
541,SUP-00542,"Bartlett, Brown and Martinez",China,zippers ,0.8502,0.0227,0.0415,17.2,,0,
634,SUP-00635,Gibbs-Bradley,pakistan,dye_chemicals,,0.0489,0.0,18.0,207.0,1,
701,SUP-00702,Giles Ltd,China,dye_chemicals,0.9126,0.0808,0.0465,18.3,58.0,1,
459,SUP-00460,"Valentine, Joyce and Murray",Sri Lanka,packaging,88.5%,0.0571,0.0345,  22.2  ,,1,
694,SUP-00695,Price LLC,Vietnam,packaging,0.9259,0.0396,0.0068,14.0,65.0,0,
746,SUP-00747,Ali PLC,Pakistan,packaging,0.8207,0.0247,0.0466,18.3,87.0,0,
77,SUP-00078,Yu Inc,China,buttons,78.0%,0.0197,0.0181,6.2,68.0,0,
943,SUP-00944,Murphy-Tran,Vietnam,trims,0.8749,0.0719,0.0449,20.5,84.0,0,
111,SUP-00112,"Shields, Cochran and Adams",China,thread,90.4%,0.0396,0.0265,16.0,127.0,0,
201,SUP-00202,White-Lewis,India,fabric,0.9327,0.024,0.0276,12.9,107.0,0,
565,SUP-00566,"Edwards, Hines and Jimenez",Sri Lanka,dye_chemicals,0.9669,0.0,0.017,14.0,,0,
131,SUP-00132,Spencer-Lee,Bangladesh,trim,0.9256,0.0229,0.0419,16.2,50.0,0,
300,SUP-00301,"Thomas, Murray and King",Pakistan,fabric,0.6646,0.0609,0.05,21.4,120.0,1,
250,SUP-00251,Moon-White,Sri Lanka,fabric,0.773,0.0205,0.0322,14.8,125.0,0,
193,SUP-00194,Reid-Poole,China,buttons,0.8437,0.0374,0.014,12.0,122.0,0,
847,SUP-00848,"Greer, Potter and Evans",Sri  Lanka,packaging,0.9061,0.0153,0.0339,16.3,138.0,1,
963,SUP-00964,Taylor PLC,Vietnam,zippers,0.9152,0.0376,0.0564,21.1,99.0,0,
149,SUP-00150,"Schmidt, Hansen and Stewart",India,trims,0.874,0.0144,0.0626,16.3,78.0,1,
202,SUP-00203,Peterson-Beard,VIETNAM,fabric,0.8179,0.0891,0.047,23.0,116.0,1,phone confirmed
346,SUP-00347,Jones PLC,Bangladesh,thread,0.9588,0.0312,0.0254,  15.5  ,110.0,0,
793,SUP-00794,Ferguson-Mclean,Bangladesh,zippers,0.8288,0.051,0.0315,15.1,167.0,0,
9,SUP-00010,Abbott-Munoz, Sri Lanka,buttons,92.6%,0.0226,0.0279,16.8,126.0,0,
165,SUP-00166,Medina-Navarro,Sri  Lanka,BUTTONS,0.7595,0.0554,,17.7,,1,
848,SUP-00849,Cole LLC,vietnam,zippers ,0.9102,0.0252,0.0413,9.8,74.0,0,
2,SUP-00003,"Mcclain, Miller and Henderson",China,buton,0.8847,0.0495,0.0412,19.1,116.0,1,urgent
676,SUP-00677,Mendez-Mayer,Indonesia,packaging,0.7763,0.0528,0.0625,26.7,129.0,1,
832,SUP-00833,"Ellison, Arias and Thompson",ID, trims,0.7879,0.0194,,15.3,113.0,0,
690,SUP-00691,White-Medina,BD,thread,0.882,0.0376,0.0665,18.2,97.0,1,
176,SUP-00177,Curry Inc,Vietnam,dye_chemicals,0.8885,0.0,0.0105,8.0,133.0,0,
780,SUP-00781,"Harris, Edwards and Oconnell",China,Packaging,0.7744,0.0451,0.0634,23.8,107.0,1,
705,SUP-00706,"Morris, Campbell and Owens",Vietnam,trims,0.8984,0.0237,0.0644,  14.2  ,166.0,0,
467,SUP-00468,Wilkerson-Arias,Vietnam,PACKAGING,0.8611,0.052,0.053,23.0,113.0,1,
895,SUP-00896,"Hernandez, Jenkins and Parks",India,dye_chemicals,96.8%,,0.032,12.2,125.0,0,
242,SUP-00243,Gonzales-Harrison,India,Zippers,0.999,0.0242,0.0262,7.8,76.0,0,
651,SUP-00652,"Marks, Miller and Griffin",India,zippers,0.8874,0.0002,0.0191,19.0,129.0,0,
623,SUP-00624,"Rodgers, Jefferson and Johnson",Bangladesh,trims,0.8582,0.0539,0.0415,14.0,102.0,0,
715,SUP-00716,Levy-May,VN,thread,0.9685,,,20.1,103.0,0,
986,SUP-00987,Gomez and Sons,Viet Nam,fabric,77.0%,0.0562,0.0278,  18.7  ,62.0,1,
872,SUP-00873,Kramer-Shannon,Bangladesh,thread,0.9412,0.0149,0.033,7.7,73.0,0,
217,SUP-00218,Erickson and Sons,India,zippers,0.8909,0.0194,0.0186,10.4,131.0,0,
741,SUP-00742,Jacobson Inc,Pakistan,trims,0.8482,0.0512,0.0105,12.3,97.0,0,
830,SUP-00831,"Price, Carlson and Andrews",India,dye_chemicals,0.8178,0.0628,0.0505,14.5,106.0,1,
48,SUP-00049,Hickman Ltd,india,trims,0.9712,0.0139,0.0136,9.0,86.0,0,
254,SUP-00255,Roberts-Landry,China,dye_chemicals,0.9836,,0.032,17.0,80.0,1,
939,SUP-00940,Shaw Inc,Sri Lanka,dye_chemicals,0.762,0.0704,,21.6,42.0,1,
203,SUP-00204,"Beard, Peters and Black",Pakistan, buttons,,0.037,0.0274,21.8,69.0,0,
695,SUP-00696,Rivera Inc,Indonesia,buttons,0.9001,0.0215,0.0024,14.4,158.0,0,
950,SUP-00951,"Franco, Wiley and Tapia",Sri Lanka,zippers,0.8407,0.0808,0.0398,21.2,126.0,1,
352,SUP-00353,Smith and Sons,Sri Lanka,zippers,0.8966,0.046,,19.8,60.0,1,re-check qty
315,SUP-00316,"Lucas, Parker and Alexander",BANGLADESH,packaging,0.8686,0.0138,0.019,12.4,139.0,0,
579,SUP-00580,"Morales, Williams and Williams",China,fabric,87.8%,0.043,0.0368,16.2,147.0,0,
427,SUP-00428,Jones-Lin,China, thread,0.9136,0.0263,0.0445,14.2,48.0,0,
274,SUP-00275,Monroe-Carpenter,vietnam,dye_chemicals,0.7223,0.0549,0.059,  19.3  ,167.0,1,
171,SUP-00172,"Alvarado, Miller and Patterson",Pakistan,fabric,0.817,0.0236,,  22.3  ,111.0,1,
206,SUP-00207,"Alvarez, Joseph and West",Pakistan, buttons,94.8%,0.0517,,17.2,95.0,0,TBC
45,SUP-00046,Spence PLC,Indonesia,dye_chemicals,0.932,0.0028,0.011,9.7,13.0,0,
678,SUP-00679,Wheeler Group,Indonesia,buttons,0.9063,0.0211,0.0251,10.8,128.0,0,
613,SUP-00614,"Nelson, Hoffman and Nelson",Sri Lanka,packaging,0.9305,0.0406,0.0168,18.6,100.0,0,
500,SUP-00501,"Rivera, Martinez and Richardson",Vietnam,dye_chemicals,0.9647,,0.0456,16.2,71.0,0,
448,SUP-00449,Lee-Cooke,Pakistan,thread,0.8601,0.0403,0.0338,,44.0,1,
333,SUP-00334,Davis PLC,China,packaging,0.834,0.0228,0.0181,6.3,152.0,0,
480,SUP-00481,Brown-Copeland,INDONESIA,dye_chemicals,0.7454,0.0618,0.0626,  30.6  ,,1,
558,SUP-00559,Gross-Valencia,Indonesia,packaging,0.8298,0.0405,0.0341,  18.3  ,110.0,0,phone confirmed
855,SUP-00856,Werner-Carter,India,fabric,0.7674,0.0288,0.0323,14.2,176.0,0,
647,SUP-00648,Mendoza Group,Bangladesh,zippers,0.9397,0.005,0.0,11.6,126.0,0,
907,SUP-00908,"Wheeler, Rice and Levine",Srilanka,buttons,0.7498,0.0567,0.0505,23.0,81.0,1,
768,SUP-00769,Smith-Gutierrez,Pakistan,thread,0.7547,0.0619,,19.3,141.0,1,
305,SUP-00306,Bruce-Gonzalez,Vietnam,zippers,,0.0451,0.0673,24.6,118.0,1,
247,SUP-00248,"Matthews, Smith and Hubbard",Pakistan,zipers,0.8982,0.0393,0.0332,20.6,90.0,1,
181,SUP-00182,"Gould, Marshall and Scott",Bangladesh,buttons,0.9722,0.0,0.038,13.7,102.0,0,
267,SUP-00268,Jimenez Ltd,Sri Lanka,zippers,0.8607,0.0373,,9.7,88.0,0,
522,SUP-00523,Green LLC,India, fabric,0.874,,0.0468,19.5,87.0,0,
638,SUP-00639,Holden Group,China,packaging,0.8852,0.0193,0.0204,  16.2  ,92.0,1,
382,SUP-00383,"Austin, Day and Johnson",BD,trims,0.8345,0.0596,,27.5,,1,
679,SUP-00680,"Powers, Brennan and Sanchez",China,packaging,0.7304,0.1022,,29.3,72.0,1,
17,SUP-00018,"Flowers, Martin and Kelly",CN,Dye Chemicals,0.9157,0.0421,0.0181,9.6,70.0,0,
556,SUP-00557,Marshall-Peterson,China,Buttons,0.9652,0.0274,0.0,5.8,183.0,0,
674,SUP-00675,Hill Ltd,Indonesia, thread,0.9438,0.0,0.0486,8.6,196.0,0,
116,SUP-00117,Ross LLC,India,packaging,0.7818,,0.0371,23.3,42.0,1,
92,SUP-00093,"Garcia, Humphrey and Baker",INDONESIA,packaging,,,0.0202,17.4,72.0,0,
781,SUP-00782,Carter-Neal,China,trims,0.8901,0.0279,0.0247,11.1,127.0,0,
632,SUP-00633,Simon Ltd,Sri Lanka,fabric,0.7491,0.064,0.0838,,173.0,0,
622,SUP-00623,Pearson and Sons,Bangladesh,fabric,0.9419,0.0221,0.0032,12.5,116.0,0,
259,SUP-00260,Dean-Jimenez,BD,packageing,0.8528,0.0099,34.9,20.9,62.0,0,
962,SUP-00963,Chavez-Hall,Vietnam,packaging,0.9661,0.0181,0.0238,13.7,12.0,0,
4,SUP-00005,"Guzman, Hoffman and Baldwin",Indonesia,fabric,0.8919,0.0511,0.0297,19.2,104.0,1,
597,SUP-00598,Thornton PLC,India,buttons,0.8997,0.0414,0.0432,11.5,,0,
817,SUP-00818,Cole Group,China,trim,0.8334,0.0365,0.0264,10.7,132.0,0,
286,SUP-00287,"Booker, Jones and Harrington",IN,zippers,,0.0382,0.0232,19.0,124.0,1,
287,SUP-00288,Morgan-Schwartz, India ,dye_chemicals,0.9388,,0.0148,19.7,120.0,0,
365,SUP-00366,"Wilson, Pena and Rich",Bangladesh,trims,0.9589,0.0123,0.0293,14.5,110.0,0,re-check qty
566,SUP-00567,"Owens, Koch and Jimenez",Sri Lanka,packaging,0.7354,0.0886,0.0747,  23.1  ,88.0,1,
376,SUP-00377,Schmitt PLC,Pakistan, trims,0.8892,0.006,0.0293,15.3,,0,
752,SUP-00753,Davis and Sons,Bangladesh,Fabric,80.8%,0.0527,,26.0,61.0,1,
842,SUP-00843,Cunningham-Barton,CN,packaging,0.7219,0.0851,0.0533,21.3,160.0,1,
392,SUP-00393,Webster Inc,Bangladesh,zippers ,0.8667,0.0262,0.0567,17.7,,1,see email
276,SUP-00277,Cook-Hines,Indonesia,buttons,0.9154,0.0743,,9.0,79.0,0,
494,SUP-00495,Brown Group,China,trims,0.9292,0.0102,0.0169,7.6,129.0,0,
751,SUP-00752,"Ramsey, Mason and Mccann",Indonesia,fabric,85.0%,0.0588,0.0492,,85.0,1,
692,SUP-00693,"Thomas, Ford and Brown",Vietnam,buttons,0.8697,0.0165,0.018,14.4,149.0,0,
404,SUP-00405,Graham Group,India,buttons,0.7929,0.0496,0.0503,16.4,147.0,1,
642,SUP-00643,Green LLC,Indonesia, thread,0.8296,0.0419,,20.3,63.0,0,
95,SUP-00096,Harris-Walters,China,fabric,0.9042,0.0341,0.0335,7.0,135.0,0,
837,SUP-00838,"Wagner, Simpson and Cohen",Bangladesh,fabric ,0.8593,0.0201,0.0071,11.7,96.0,0,
981,SUP-00982,Davis LLC,Pakistan,thread,0.7035,0.0605,0.0396,  28.8  ,42.0,1,
362,SUP-00363,"Hernandez, Martinez and Weber",Bangladesh,PACKAGING,0.7043,0.0461,0.0383,15.9,141.0,1,
991,SUP-00992,Ramirez and Sons,Indonesia,Dye Chemicals,0.8457,0.0383,0.0371,18.5,120.0,0,
299,SUP-00300,Harvey-Allen,China,zippers,0.8429,0.039,0.0606,16.0,128.0,1,
369,SUP-00370,Edwards-Scott,Bangladesh,buttons,0.8519,0.0403,0.0365,10.0,86.0,0,
700,SUP-00701,Turner-Stout,pakistan,packaging,0.6628,0.0674,8.53,19.9,105.0,1,
602,SUP-00603,"Becker, Lara and Baker",Bangla Desh,zipers,0.9062,0.0384,0.0165,11.7,113.0,0,
987,SUP-00988,Ramirez-Stephenson,Vietnam,trims,0.9862,0.0353,,13.8,87.0,1,urgent
151,SUP-00152,"Simmons, Meadows and Griffin",Bangladesh, buttons,0.9427,0.0049,0.0417,13.7,122.0,0,
504,SUP-00505,Acosta Inc,Indonesia, packaging,96.2%,0.0,0.0262,  15.9  ,126.0,0,
29,SUP-00030,"Snyder, Campos and Callahan",Pakistan, fabric,0.9201,0.0462,,16.7,109.0,0,
47,SUP-00048,"Martin, Rose and Obrien",China,zippers,0.8568,0.0493,0.0603,,119.0,0,
109,SUP-00110,Johnson-Doyle,pakistan,packaging,0.833,,0.0366,15.8,134.0,0,n/a
168,SUP-00169,"Yates, Ramsey and Pittman",India,thread,0.8147,0.0335,0.0176,  20.3  ,95.0,0,
533,SUP-00534,Mcdonald-Bird,INDIA,zipers,0.9006,0.0442,0.0207,9.6,187.0,0,
61,SUP-00062,Powell LLC,SRI LANKA,buttons,0.9635,,0.0332,14.7,60.0,0,
677,SUP-00678,Allen Inc,Pakistan, buttons,0.8826,0.0165,0.0495,14.9,118.0,0,
38,SUP-00039,Harrell LLC,LK,fabric,0.999,0.0,0.0032,12.9,55.0,0,
179,SUP-00180,Howell and Sons,India,buttons,0.8005,0.0379,0.0193,18.1,108.0,0,
424,SUP-00425,Welch-Hogan,Vietnam,Dye Chemicals,91.9%,0.0412,0.0357,16.7,90.0,1,
142,SUP-00143,Gibson Ltd,Sri Lanka,buttons,0.9755,0.0,0.0,17.1,113.0,0,
124,SUP-00125,Scott Ltd,IN,zippers,0.9203,0.0144,0.0341,14.8,78.0,1,
253,SUP-00254,"Garcia, Martin and Jenkins",Sri Lanka,fabric,,0.0517,,18.6,149.0,0,
114,SUP-00115,Torres-Pope,Pakistan,zippers,0.7517,0.088,8.39,26.4,62.0,1,
644,SUP-00645,Sullivan PLC,Vietnam,thread,81.0%,0.0463,0.0499,15.2,89.0,0,customer requested rush
626,SUP-00627,Lopez-Curry,Vietnam,packaging,77.4%,0.088,0.0841,26.5,5.0,1,
588,SUP-00589,"Soto, Carlson and Baker",Pakistan,packaging,0.8086,0.0648,0.0569,18.3,60.0,1,
213,SUP-00214,"Tapia, Vaughn and Lee",VIETNAM,packaging,0.8023,0.0321,0.0225,21.2,130.0,0,
984,SUP-00985,Underwood-Foster,Vietnam,packaging,0.9031,0.0361,0.0216,  24.3  ,118.0,1,customer requested rush
568,SUP-00569,Levy-Lewis,Bangladesh,thread,0.7872,0.0619,0.0505,14.8,81.0,1,
264,SUP-00265,Tran Inc,China,packaging,87.0%,,0.03090722030521328,11.2,38.0,0,
763,SUP-00764,Ward-Nelson,Vietnam,thread,0.9578,,0.026,10.2,138.0,0,
216,SUP-00217,Perez-White,Indonesia,zippers,0.8324,0.0141,0.0258,9.4,147.0,0,
809,SUP-00810,Alvarez-Kim,India,trims,0.8628,0.0265,0.0115,18.2,90.0,0,
660,SUP-00661,Foster Inc,Pakistan,thread,77.0%,0.0537,0.0246,  22.0  ,,0,
999,SUP-01000,Stokes Group,Srilanka,fabric,0.8186,0.0077,0.0354,11.1,153.0,0,
55,SUP-00056,Jones-Young,Bangladesh,thread,86.6%,0.0051,0.01,21.7,140.0,0,
585,SUP-00586,Richardson Ltd,PAKISTAN, packaging,0.9942,0.0322,0.0057,13.8,,0,
35,SUP-00036,Rodriguez-Graham,VN,DYE-CHEMICALS,0.8085,0.061,0.0249,22.2,90.0,1,
783,SUP-00784,Bennett-Velasquez,China,thread,88.3%,0.0687,0.0469,25.9,136.0,1,
501,SUP-00502,Paul-Kline,VIETNAM,dyechemicals,98.0%,,0.0251,17.6,143.0,0,n/a
417,SUP-00418,Thomas and Sons,Viet Nam,thread,91.9%,0.0034,0.0215,18.1,119.0,0,
913,SUP-00914,Hunter-Fuller,Bangladesh,dye_chemicals,91.4%,0.065,0.041,22.7,40.0,1,
767,SUP-00768,"Davis, George and Nguyen",Sri Lanka,packaging,0.8793,0.0373,0.0688,  19.1  ,80.0,1,
665,SUP-00666,Cannon Ltd,Bangladesh,fabric,0.9063,0.0092,0.0003,14.3,176.0,0,TBC
958,SUP-00959,Jones-Bradley,Sri Lanka,trims,87.7%,0.0389,0.026,18.6,-153.0,1,
161,SUP-00162,Stein-Silva,Indonesia,fabric,0.7988,0.0646,0.0547,29.9,81.0,1,
788,SUP-00789,"Clark, Salinas and Guerra",Bangladesh,packaging,0.999,0.0,0.0163,11.3,130.0,0,
770,SUP-00771,Armstrong and Sons,IN,thread,0.999,0.0115,0.0064,9.8,107.0,0,
28,SUP-00029,"Ross, Robinson and Bright",Vietnam,zippers ,0.8582,0.0596,0.0431,20.2,39.0,1,
51,SUP-00052,Walker LLC,sri lanka,packaging,0.8768,0.0009,0.0,9.2,92.0,1,
796,SUP-00797,Rodriguez and Sons,Pakistan,trims,0.9323,0.0442,0.0415,  17.7  ,78.0,0,urgent
41,SUP-00042,George Group,LK,dye_chemicals,0.9987,0.0336,0.0323,14.9,,0,
898,SUP-00899,"Cruz, Richmond and Edwards",India,BUTTONS,0.878,0.0488,0.0889,17.9,111.0,0,
673,SUP-00674,"Gray, Hall and Murray",China,thread,0.9465,0.0314,0.0314,8.3,74.0,0,
875,SUP-00876,Alexander Inc,Indonesia,zippers,0.8507,0.0054,0.0166,8.9,54.0,0,
902,SUP-00903,Abbott Ltd,Pakistan,fabric,,0.0789,0.0749,26.0,62.0,0,
435,SUP-00436,Cox LLC,Vietnam,fabric,0.8214,,0.0342,20.2,135.0,0,
235,SUP-00236,"Harrison, Johnson and Roberts",vietnam,fabric,84.2%,0.0472,0.0468,28.2,76.0,1,
163,SUP-00164,Smith-Bell,Indonesia,zippers,0.732,0.0544,0.0654,20.6,5.0,0,
555,SUP-00556,Moore Group,China,buttons,0.884,0.0264,,16.9,116.0,0,
802,SUP-00803,Griffin Group,Pakistan,zippers,0.86,0.027,0.0376,12.2,124.0,0,
696,SUP-00697,Boone-Davis,Pakistan,fabric,0.9195,0.0786,,15.0,136.0,0,
853,SUP-00854,Li Inc,China,trims,0.852,0.0103,0.0344,17.8,116.0,0,
835,SUP-00836,"Brown, Howard and Smith",Vietnam,zippers ,0.7193,0.0496,0.047,20.4,78.0,1,
445,SUP-00446,"Osborn, Gaines and Davis",China,zippers ,0.9598,0.0486,,12.7,172.0,0,
545,SUP-00546,"Huber, Hill and Weber",SRI LANKA,trims,0.7761,0.0618,0.0552,16.7,141.0,1,
387,SUP-00388,Davis PLC,Indonesia, packaging,0.8186,0.0317,0.0315,18.8,105.0,1,
14,SUP-00015,Williams and Sons,Indonesia,packaging,0.7543,0.0454,0.07,  23.1  ,27.0,1,
454,SUP-00455,"Lamb, Martin and Kim",Indonesia,FABRIC,0.9582,0.0028,0.0,13.3,46.0,0,
801,SUP-00802,"Burgess, Grant and Watts", India ,PACKAGING,0.8505,0.0084,0.005,13.6,104.0,0,
245,SUP-00246,Navarro-Munoz,China,buttons,0.882,0.0355,0.0313,13.7,45.0,0,
292,SUP-00293,Bright-Francis,India,dyechemicals,0.8261,0.0432,0.0527,16.8,121.0,1,
44,SUP-00045,"Arroyo, Miller and Tucker",CHINA,Thread,0.9519,0.0122,0.0188,  14.0  ,-145.0,0,
265,SUP-00266,Gay Inc,vietnam,buttons,0.7933,0.0373,0.0378,15.9,123.0,1,
932,SUP-00933,"Craig, Wilson and Yang",Viet Nam,trims,0.8066,0.0427,0.0251,21.0,82.0,1,
957,SUP-00958,"Miller, Davis and Anderson",Sri Lanka,thread,0.8989,,0.0274,14.7,150.0,0,
995,SUP-00996,Castillo-Harrington,India,Packaging,0.7737,0.0112,0.0546,17.3,,1,
88,SUP-00089,Suarez LLC,vietnam,zipers,0.939,0.032,0.0,13.6,150.0,0,
81,SUP-00082,Sandoval-Cunningham,Pakistan,fabric,0.774,0.0567,0.0469,22.2,88.0,1,
78,SUP-00079,Jones Inc,India,PACKAGING,88.7%,0.0181,0.0338,8.3,78.0,0,
478,SUP-00479,Young-Martinez,Pakistan,TRIMS,0.9268,0.0574,0.0295,4.5,-123.0,0,
610,SUP-00611,Williams-Moses,Indonesia,packaging,0.9781,0.0037,0.0213,13.6,87.0,0,
155,SUP-00156,Hill Inc,sri lanka,trims,0.8943,0.0376,0.006,19.5,95.0,0,
529,SUP-00530,"Mckinney, Graves and Thompson",Bangladesh,dye_chemicals,0.8466,,0.0065,,115.0,0,
343,SUP-00344,Davis-Lewis,Bangladesh,DYE-CHEMICALS,0.8328,0.0529,,23.8,129.0,0,
739,SUP-00740,Miller Group,Indonesia,fabric,93.5%,0.0335,0.0334,21.7,29.0,0,
968,SUP-00969,Aguirre LLC,Pakistan,Trims,0.9131,0.0342,0.0063,,,0,
592,SUP-00593,"Allen, Armstrong and Graves",Indonesia,fabric,0.9462,0.0574,,  20.9  ,137.0,0,
430,SUP-00431,"Huang, Cole and Pacheco",Indonesia,TRIMS,0.9551,0.0,0.0224,10.3,170.0,0,
649,SUP-00650,Todd-Pham,CN,trims,0.8661,0.0473,0.0592,23.7,123.0,0,
595,SUP-00596,Shaw-Carr,china,trims,0.9814,0.0294,0.0362,24.0,83.0,0,
148,SUP-00149,Bryant Group,INDIA,packaging,97.9%,0.0411,0.0199,13.4,226.0,0,
663,SUP-00664,Andersen Group,Indonesai,dye_chemicals,89.8%,0.0165,0.0151,8.1,81.0,0,
453,SUP-00454,White Ltd,China,buttons,0.9254,0.0183,0.0379,13.4,78.0,0,
284,SUP-00285,Garcia-Lozano,Indonesia,dye_chemicals,0.8583,0.0514,0.0142,20.6,190.0,1,
127,SUP-00128,Diaz Inc,India,packaging,0.9943,0.02,0.0069,14.8,159.0,0,
574,SUP-00575,"Lee, Tran and Jones",Bangladesh,fabric,0.8283,0.03,,17.8,184.0,1,
482,SUP-00483,"Andrews, Higgins and Carter",Indonesia,packaging,0.9512,,0.022,  13.1  ,121.0,0,
390,SUP-00391,Frank-Bradley,India,trims,0.9391,0.0243,0.0239,16.4,81.0,0,
787,SUP-00788,Benton Group,LK,buttons,0.8722,0.0185,0.0388,14.3,67.0,0,
893,SUP-00894,Bishop and Sons,Pakistan,buttons,,0.0393,0.0661,25.0,,1,
393,SUP-00394,"Miller, Ramos and Coleman",Pakistan,buttons,94.5%,,0.012,  19.7  ,154.0,0,
521,SUP-00522,Holmes-Mcintyre,Sri Lanka, packaging,0.8231,0.0556,0.057,19.7,139.0,1,
229,SUP-00230,Kerr-Evans,India,zippers,0.8761,0.0289,0.0105,8.1,95.0,0,
191,SUP-00192,"Wood, Hunter and Peterson",Indonesia,THREAD,96.0%,0.0,0.0058,,119.0,0,
799,SUP-00800,Sheppard-Jordan,PAKISTAN,zippers,0.7655,,0.0401,,123.0,1,
760,SUP-00761,Moore-Dawson,CHINA,zippers,0.7981,0.0639,0.0455,10.5,5.0,1,
684,SUP-00685,Young-Walter,Srilanka,trims,0.9458,0.0482,0.047,6.8,99.0,0,
515,SUP-00516,Osborne LLC,India,thred,0.9195,0.0369,0.0557,19.0,96.0,1,
372,SUP-00373,Reynolds Ltd,PK,dyechemicals,0.7888,0.045,0.0333,21.4,92.0,1,
348,SUP-00349,Schroeder-Kramer,India,packaging,0.8218,0.0951,,20.9,80.0,1,
648,SUP-00649,"Zhang, Brooks and Miles",Bangladesh,zippers,0.8269,0.0218,0.0243,15.1,126.0,0,
398,SUP-00399,"Brown, Harris and Dougherty",India,zippers,0.9065,0.0476,0.0527,16.2,94.0,0,
891,SUP-00892,May Ltd,India,packaging,0.9477,0.0214,,,135.0,0,
977,SUP-00978,Parks-Pace,PAKISTAN, packaging,0.962,0.0354,0.0324,15.8,135.0,0,urgent
616,SUP-00617,"Perez, Hall and Garcia",Pakistan,buton,0.999,0.0206,0.0,14.3,110.0,0,
769,SUP-00770,Hardy PLC,Vietnam,Trims,0.9019,0.0,0.0115,8.3,124.0,0,
288,SUP-00289,"Miller, Murphy and Craig",Indonesia,Fabric,0.9458,0.0187,0.0328,7.8,76.0,0,
400,SUP-00401,Wilson-Jimenez,Indonesia,zippers,0.8427,0.057,0.0625,18.8,,1,customer requested rush
976,SUP-00977,Anderson Group,Srilanka,zippers ,0.7412,0.10528325425132128,0.10399877771417936,22.4,63.0,1,
128,SUP-00129,"Mccall, Hanson and Alvarado",Pakistan,trims,0.9117,,0.034,22.5,5.0,0,
159,SUP-00160,Russell-Daniels,Indonesia,fabric,0.7165,0.0626,0.0529,20.5,5.0,1,
686,SUP-00687,"Fry, Hobbs and Buck",Bangladesh,trims,84.0%,0.0399,0.0599,23.2,157.0,1,
578,SUP-00579,"Mcmillan, Fischer and Gonzalez",pakistan,packaging,0.8789,0.0158,0.0005,14.5,142.0,0,
542,SUP-00543,Torres and Sons,China,buton,92.0%,0.027,,  13.5  ,177.0,0,
944,SUP-00945,Wood LLC,Pakistan,buttons,0.9698,0.0221,0.0235,9.9,55.0,0,
687,SUP-00688,"Shelton, Peters and Williams",china,packaging,0.8994,0.0202,0.0232,17.6,131.0,0,
174,SUP-00175,Ramirez-Bean,Vietnam,fabric,85.7%,0.047,0.0217,14.3,98.0,1,
220,SUP-00221,Garcia-Smith,China,thread,0.8801,0.0038,0.0286,,120.0,0,
90,SUP-00091,"Turner, Riggs and Roman",Sri Lanka,trims,86.5%,0.0286,0.0383,14.8,78.0,0,
880,SUP-00881,Watson Ltd,Pakistan,dye_chemicals,0.999,0.0116,0.0,16.0,85.0,0,
313,SUP-00314,Byrd-Le,Bangladesh,packaging,0.9342,,0.0179,  29.1  ,61.0,1,
394,SUP-00395,"Ramos, Nelson and Fischer",Pakistan, trims,0.9479,0.0055,0.0429,14.3,,1,
108,SUP-00109,Hancock and Sons,India,packaging,0.8282,0.0629,0.0343,16.8,137.0,1,
710,SUP-00711,Figueroa Inc,Vietnam,dye_chemicals,0.9274,0.0361,0.0,8.0,143.0,0,
479,SUP-00480,Barnes PLC,India,fabric,0.8855,0.0329,0.0406,13.8,67.0,0,
628,SUP-00629,"Morrison, Hebert and Rogers",Sri Lanka,packaging,0.9389,0.0,0.0108,11.6,122.0,0,
297,SUP-00298,Schmidt PLC,Sri Lanka,Trims,0.7794,0.0787,0.0898,25.3,17.0,1,
801,SUP-00802,"Burgess, Grant and Watts", India ,PACKAGING,0.8505,0.0084,0.005,13.6,104.0,0,
531,SUP-00532,Conner and Sons,China,buttons,0.8715,0.0157,0.0164,,181.0,0,
33,SUP-00034,Frazier Inc,VN,zippers,0.8717,0.0687,0.0165,,,1,
378,SUP-00379,Moore Group,Sri Lanka,packaging,0.85,0.0507,0.0143,12.2,100.0,1,
641,SUP-00642,Turner-Sharp,Bangladesh,packaging,0.9387,,,22.0,145.0,1,
40,SUP-00041,Ryan PLC,Pakistan,zippers,0.9666,0.0094,0.0219,19.7,81.0,0,
82,SUP-00083,Donovan-Harris,India,trims,0.8056,0.0001,0.0465,20.7,64.0,0,TBC
955,SUP-00956,Morse PLC,Sri Lanka,fabric,0.8934,,0.0376,19.3,83.0,0,
364,SUP-00365,"Phillips, Wagner and Jordan",sri lanka,thread,0.7272,0.0839,0.0425,29.0,68.0,1,
136,SUP-00137,"Lewis, Kennedy and Santana",sri lanka,zippers,0.8556,0.0444,0.0572,23.0,,1,
570,SUP-00571,"Khan, Pena and Ruiz",Sri Lanka,Zippers,87.9%,0.0488,,19.8,93.0,0,TBC
475,SUP-00476,Gilbert-Bullock,Bangladesh,Trims,0.8431,0.0537,0.0,18.8,87.0,0,
197,SUP-00198,"Adams, Christian and Rivas",CHINA,fabric,0.9422,0.051,0.0374,7.5,63.0,0,
723,SUP-00724,Mann Inc,Pakistan,trims,0.8499,0.0407,0.03,8.4,,0,
548,SUP-00549,"Morgan, Bradshaw and Williams",India,buttons,0.7387,0.0627,0.0337,22.0,73.0,1,
850,SUP-00851,Clark Ltd,Indonesia,FABRIC,0.842,0.0412,0.0411,14.5,137.0,0,
892,SUP-00893,Jones PLC,India,dye_chemicals,0.7265,0.0639,0.0794,20.6,95.0,1,
983,SUP-00984,Jackson PLC,Pakistan,dye_chemicals,82.3%,0.0798,0.0714,23.8,43.0,1,
178,SUP-00179,"Williams, Johnson and Wright",Pakisthan,dye_chemicals,0.8957,0.0224,0.0306,13.5,107.0,0,
290,SUP-00291,Brennan-Johnson,Sri Lanka,dye_chemicals,0.8162,0.0339,0.0638,19.4,77.0,1,
356,SUP-00357,Hayes and Sons,Pakistan,DYE-CHEMICALS,,0.036,0.0625,22.2,42.0,1,
239,SUP-00240,"Walker, Hernandez and Baker",India,zippers,0.775,,,26.5,118.0,1,
722,SUP-00723,Kirby and Sons,Indonesia,dye chemicals,0.999,0.044,,19.6,84.0,1,
975,SUP-00976,Martinez Inc,India,dye_chemicals,0.8512,0.0355,0.053,21.2,91.0,1,
138,SUP-00139,"Harvey, Davis and Crane",Vietnam,buttons,91.9%,0.0406,0.0304,10.2,95.0,0,
959,SUP-00960,Bates-Anderson,Indonesia,zippers,0.8072,0.0506,-0.0467,21.9,107.0,1,
486,SUP-00487,"Hartman, Romero and Smith",China,packaging,68.6%,0.0823,0.0616,37.6,84.0,1,
844,SUP-00845,Adams PLC,Indonesia,zippers,0.7608,0.0615,0.0749,24.3,37.0,1,
144,SUP-00145,Hernandez Ltd,PAKISTAN,zippers,0.7372,0.0455,0.0558,14.2,114.0,1,
79,SUP-00080,"Hensley, Powell and David",Bangladesh,fabric,0.9047,0.0232,0.0356,16.3,54.0,0,
129,SUP-00130,Cortez LLC,Indonesai,buttons,0.8605,0.005,0.0059,22.3,186.0,0,
729,SUP-00730,"Li, Craig and Drake",PK,thread,0.9754,0.0344,0.001,10.2,66.0,0,
904,SUP-00905,Adkins LLC,CN,dye_chemicals,0.8865,0.0285,0.0422,19.3,87.0,1,
266,SUP-00267,Valentine-Holland,Bangladesh,buttons,0.8641,0.0032,0.0305,13.1,14.0,0,see email
662,SUP-00663,"Brown, Mcknight and Michael",Pakistan,fabric,0.907,0.0286,,15.9,116.0,0,
103,SUP-00104,"Tran, Jordan and Williams",Indonesia,zippers,95.8%,0.0159,0.0195,12.4,132.0,0,
345,SUP-00346,Zhang PLC,Indonesia,ZIPPERS,0.9757,0.0238,0.0298,9.7,108.0,0,
591,SUP-00592,"Harvey, Randall and Hernandez",Sri Lanka,packaging,0.8148,0.0791,0.0805,17.9,114.0,1,
560,SUP-00561,"Rodriguez, Allen and Martinez",Sri  Lanka,fabric,0.9092,0.0,0.0126,,134.0,0,
757,SUP-00758,Lopez-Willis,China,fabric,0.9264,0.0237,0.0112,12.4,72.0,0,
981,SUP-00982,Davis LLC,Pakistan,thread,0.7035,0.0605,0.0396,  28.8  ,42.0,1,
232,SUP-00233,"Clark, Guerrero and Moore",Vietnam,trims,0.9175,0.0254,0.0076,23.0,113.0,0,
827,SUP-00828,Powers LLC,Pakistan,zipers,99.9%,0.0345,0.0169,3.0,,0,
874,SUP-00875,Smith-Noble,P.R. China,FABRIC,90.5%,0.0325,0.0436,13.9,133.0,0,
293,SUP-00294,Good-Hodges,Bangladesh,zippers,0.8397,0.0696,,  19.9  ,194.0,1,
980,SUP-00981,Orr Group,Vietnam,buttons,92.3%,0.0253,,  17.9  ,62.0,0,
66,SUP-00067,Williams PLC,Vietnam,trim,0.7024,0.0618,0.0545,  27.8  ,94.0,1,re-check qty
84,SUP-00085,"Evans, Stewart and Walton",Indonesia,Thread,0.9013,0.0293,0.0254,13.4,166.0,1,
863,SUP-00864,Schultz Inc,VN,Thread,0.7982,0.0412,0.0913,17.6,88.0,1,
933,SUP-00934,Williams Inc,Vietnam,packaging,0.8532,0.0539,0.028,  19.2  ,111.0,0,
31,SUP-00032,Carlson-Cruz,Vietnam,fabric,0.8467,0.0342,,8.1,94.0,0,
699,SUP-00700,"Ramsey, Hansen and Mendoza",BANGLADESH,zipers,0.9263,0.038,0.0033,10.2,74.0,0,
858,SUP-00859,Sellers-Riddle,Srilanka,buttons,0.792,0.041,0.0399,15.0,-59.0,1,
60,SUP-00061,"Brown, Valdez and Lucas",Pakistan,dye_chemicals,93.8%,0.013,,7.3,145.0,0,
505,SUP-00506,Morrison-Short,China,zippers,82.2%,0.0324,0.0155,7.7,157.0,0,
539,SUP-00540,Humphrey PLC,China,ZIPPERS,0.6915,0.059,0.0548,23.8,20.0,1,
98,SUP-00099,Williams-Cook,Sri  Lanka,trims,0.8343,0.0153,0.0142,16.9,156.0,0,
437,SUP-00438,"Williams, Mccoy and Cook",Vietnam,TRIMS,0.8226,0.0492,0.0368,23.7,143.0,1,
598,SUP-00599,Hoffman Ltd,Vietnam,fabric,0.8781,0.0185,0.0262,22.0,49.0,0,
945,SUP-00946,"Mueller, Stevenson and Sanchez",Bangladesh,thread,0.9235,0.018,,11.7,99.0,0,
80,SUP-00081,"Sanchez, Wheeler and Harvey",Pakistan,fabric,0.9364,0.0351,0.0,6.1,78.0,0,
822,SUP-00823,Wilson-Lambert,Vietnam,zippers,0.8251,0.0772,0.0274,17.4,205.0,1,
8,SUP-00009,Garcia-James,Sri Lanka,fabric,0.9034,0.0253,,12.0,130.0,0,
70,SUP-00071,Gray Group,Bangladesh,buttons,0.9451,0.0784,0.031,9.8,89.0,0,
759,SUP-00760,Marquez Inc,Pakistan,fabric,0.8213,0.0579,0.0406,26.2,90.0,1,
717,SUP-00718,Jackson-Cortez,pakistan,thread,0.8477,0.0431,0.0584,24.8,135.0,1,
381,SUP-00382,Bruce-Villegas,India,dye_chemicals,0.8345,0.047546808250926234,0.055344049113488926,20.4,169.0,1,
922,SUP-00923,Parker Ltd,Indonesia,fabric,0.954,0.0274,0.0004,15.2,55.0,0,
156,SUP-00157,"Mitchell, Nelson and Flores",Bangladesh,zippers ,0.8824,0.0485,0.0357,19.2,86.0,0,
113,SUP-00114,Gonzalez Group,China,dye_chemicals,0.921,0.015,0.0284,13.9,126.0,0,
929,SUP-00930,"Proctor, Burton and Crawford",China,packaging,0.9446,0.0205,0.0111,10.6,125.0,0,
865,SUP-00866,Gibson-Freeman,Indonesia,buttons,0.8734,0.0292,,11.5,81.0,0,n/a
302,SUP-00303,Santana-Byrd,CHINA,trims,0.7982,0.0402,0.0469,28.3,43.0,1,
988,SUP-00989,Mendez PLC,Pakistan,trims,0.7177,0.0751,0.0677,28.7,122.0,1,
488,SUP-00489,King-Smith,CN,fabric,0.7824,0.0682,0.0545,20.2,35.0,1,
219,SUP-00220,Terry-Martinez,Indonesai,trims,86.9%,0.0483,0.0338,19.1,88.0,1,
899,SUP-00900,Wright Ltd,Vietnam,zippers,0.9328,0.0471,0.0381,12.0,,0,
978,SUP-00979,Aguilar LLC,China,fabric,0.8969,0.0429,0.0492,11.0,99.0,0,
519,SUP-00520,"Richardson, Edwards and Ramirez",VIETNAM,Trims,0.8769,0.0541,0.0248,13.6,165.0,1,
916,SUP-00917,Miller-Mccall,Bangladesh,packaging,0.894,0.0532,0.0363,19.4,74.0,1,
110,SUP-00111,Patton-Jenkins,Sri  Lanka,packageing,0.9798,0.0418,,17.7,109.0,0,
490,SUP-00491,"Fuller, Ingram and Moss",China,fabric,0.9103,0.0138,0.0027,16.5,,0,
773,SUP-00774,Fisher-Washington,Indonesia,zipers,0.9235,0.0446,0.0509,25.3,109.0,1,
363,SUP-00364,"Kelley, Nguyen and Vang",Pakistan,dye_chemicals,0.8269,,0.0006,,89.0,0,
391,SUP-00392,Ware and Sons,Pakistan,thread,0.8871,0.0619,0.0316,15.4,87.0,1,
466,SUP-00467,Davis-Lozano,China,BUTTONS,0.8841,0.0269,0.0063,19.4,187.0,0,re-check qty
800,SUP-00801,Garcia and Sons,Pakistan,dye_chemicals,0.8004,0.0662,0.0546,16.4,99.0,1,
866,SUP-00867,"Smith, Schroeder and Oconnor",Bangladesh,trims,0.9487,0.027066263430195428,0.007478975497642682,  9.5  ,142.0,0,
862,SUP-00863,Burton-Brooks,Indonesia,trims,0.9296,0.0293,0.0,13.7,111.0,0,
931,SUP-00932,Moore-Ayala,India,zippers,0.8615,0.05,0.0534,24.3,96.0,1,
869,SUP-00870,Donaldson and Sons,Bangladesh,zippers,0.9821,0.068,0.0377,18.7,151.0,0,urgent
546,SUP-00547,"Ferguson, Shaw and Jackson",Vietnam,dyechemicals,0.9194,0.0333,0.0479,17.8,50.0,0,
304,SUP-00305,"Evans, Hayden and Vaughn",Indonesia,dye_chemicals,0.8189,0.0854,0.0567,24.3,114.0,1,
969,SUP-00970,"Terry, Williams and Huff",Sri Lanka,zippers,90.8%,0.0374,0.0323,18.5,85.0,0,
317,SUP-00318,Burgess-Thompson,Sri Lanka,trims,0.8015,0.0929,,14.2,118.0,1,
864,SUP-00865,Robertson-Ramirez,Vietnam,TRIMS,0.8408,0.0268,0.0725,17.5,123.0,1,
901,SUP-00902,"Griffith, Mitchell and Pugh",Sri Lanka,trim,0.9465,0.0078,0.0027,16.6,121.0,0,
857,SUP-00858,"Ochoa, Taylor and Brady",Bangla Desh,febric,0.7391,0.0599,0.0608,13.6,78.0,1,
105,SUP-00106,Nolan and Sons,Vietnam, packaging,85.3%,0.0435,0.0,18.6,5.0,0,
508,SUP-00509,Jackson-Wallace,China,thread,0.8173,0.0755,0.0603,18.9,5.0,1,
563,SUP-00564,Wright-Grimes,INDONESIA,DYE-CHEMICALS,0.7973,0.074,0.0514,  23.0  ,95.0,1,
262,SUP-00263,Martinez-Dudley,India,PACKAGING,0.7507,0.0719,0.0385,  21.6  ,,1,
141,SUP-00142,Riggs PLC,Indonesia,trims,0.9354,0.035,0.0431,15.2,102.0,0,
580,SUP-00581,"Cook, Wells and Bryant",India,fabric ,0.9775,0.0141,0.0089,12.3,105.0,0,
631,SUP-00632,"Mcdonald, Lee and Rodriguez",Vietnam,zippers,0.8269,0.0323,,11.9,160.0,1,
283,SUP-00284,"Sanford, Rivera and Garcia",Bangladesh,dye_chemicals,0.9978,0.0356,0.036,12.4,119.0,0,
177,SUP-00178,Walker-Jones,SRI LANKA,Fabric,0.8086,0.04,0.0548,,44.0,0,
377,SUP-00378,Bell-Lane,Viet Nam,thread,,0.0262,0.05,10.7,53.0,0,phone confirmed
428,SUP-00429,Gilbert PLC,Bangladesh,fabric,0.8207,0.0467,0.0545,15.8,122.0,0,
680,SUP-00681,Morales and Sons,Sri Lanka,packaging,0.9756,0.0236,0.023,14.9,145.0,0,
42,SUP-00043,Rodriguez LLC, India ,dyechemicals,0.9281,0.0432,0.0,8.4,47.0,0,n/a
714,SUP-00715,"Pena, Cohen and Scott",Indonesai,buttons,0.8228,0.0421,0.0332,23.4,116.0,0,
91,SUP-00092,"Smith, Montoya and Evans",Indonesia,fabric,0.8125,0.0315,0.0574,12.5,18.0,0,
50,SUP-00051,"Brooks, Lam and Hayes",Indonesia, trims,0.9108,0.0859,0.0513,21.8,136.0,1,
426,SUP-00427,Johnson-Wood,BANGLADESH,buttons,0.8496,0.0212,0.0375,19.2,174.0,0,
296,SUP-00297,Howard-Jordan,India,buttons,0.9426,0.0314,,16.1,117.0,0,
75,SUP-00076,"Daniels, Adkins and Brown",Vietnam,THREAD,0.8251,0.0921,0.0581,23.2,85.0,1,phone confirmed
62,SUP-00063,Wright and Sons,Pakisthan,Fabric,0.9227,,0.022,10.1,148.0,0,
818,SUP-00819,Smith-Lewis,Bangla Desh,buton,0.8918,0.033,0.023,17.3,160.0,0,urgent
455,SUP-00456,Diaz-Ball,Pakistan,trims,89.2%,0.043,0.0257,25.0,87.0,0,
617,SUP-00618,Love-Garcia,Sri Lanka,fabric,0.8537,0.0542,0.0344,13.8,162.0,1,
590,SUP-00591,"Williams, Castillo and Warren",Vietnam,packaging,0.9772,0.0347,0.0419,5.6,122.0,0,
683,SUP-00684,"Flores, Harper and Chambers",Sri Lanka,thread,0.999,0.0015,0.0194,10.0,149.0,0,
54,SUP-00055,Jones Inc,India,buton,0.8105,,,19.8,88.0,1,
738,SUP-00739,Walsh Ltd,INDONESIA,thread,85.1%,0.0343,0.0161,9.1,139.0,0,
135,SUP-00136,"Lawson, Morris and Ramos", India , buttons,0.758,0.0205,0.0555,16.9,154.0,1,
160,SUP-00161,Brown-Wall,Indonesia,trims,0.8538,0.0449,0.0198,14.5,205.0,0,
236,SUP-00237,Warner-Gibson,Indonesia,dye_chemicals,0.8399,0.0466,0.0266,16.5,110.0,0,
289,SUP-00290,"James, Stewart and Higgins",Bangladesh,dye_chemicals,0.8787,0.0388,0.0382,12.0,,1,
69,SUP-00070,Hancock Inc,Bangladesh,trims,,0.033,0.0177,16.6,87.0,0,
238,SUP-00239,"Guerrero, Peck and Coleman",Indonesia,fabric,0.9124,0.0365,0.0113,9.6,119.0,1,
805,SUP-00806,Perry-Nixon,China, trims,0.8988,0.0094,0.0014,11.2,120.0,0,
173,SUP-00174,Lewis-Murphy,Pakistan,dye_chemicals,0.8322,0.0189,0.0212,11.1,112.0,0,
740,SUP-00741,"Mueller, Knight and Hodge",Pakistan,zippers,0.6327,0.0921,0.0812,34.8,63.0,0,
643,SUP-00644,"Young, Contreras and Marshall",P.R. China,buttons,91.1%,0.0374,0.0046,14.2,204.0,0,
396,SUP-00397,Gregory-Watkins,Pakistan,packaging,0.8931,0.0541,0.0445,,76.0,1,
137,SUP-00138,"Jackson, Miller and Robertson",Sri  Lanka,packaging,89.2%,0.0213,0.0284,15.2,175.0,0,
513,SUP-00514,Cisneros and Sons,Sri Lanka,thread,0.8892,0.0166,0.0176,15.2,189.0,0,
64,SUP-00065,Baxter Inc,Bangladesh,zippers,0.8908,0.0345,0.0,10.1,,0,
731,SUP-00732,"Hernandez, Lee and Fox",BD,fabric,0.8552,,0.0394,23.1,108.0,0,
200,SUP-00201,"Barnett, Rogers and Snyder",PAKISTAN,packaging,0.9199,0.0311,0.0296,19.1,29.0,0,
511,SUP-00512,"Whitney, Gould and Jones",Vietnam,Trims,0.9585,0.0246,0.0217,15.7,107.0,0,
477,SUP-00478,"Bentley, Lynch and Henderson",Vietnam,trims,0.7944,0.0759,0.0439,18.4,139.0,1,
350,SUP-00351,Fernandez and Sons,Pakistan,trims,0.8724,0.0066,,14.0,137.0,0,
187,SUP-00188,Vargas Ltd,Bangladesh,zippers,0.8962,0.0355,0.0166,12.9,78.0,1,
429,SUP-00430,Ford-Spencer,Bangladesh,zippers,0.9542,0.0275,,8.1,94.0,0,re-check qty
222,SUP-00223,Sheppard LLC,Sri Lanka,fabric,0.7884,0.0439,0.0733,25.1,39.0,1,
646,SUP-00647,Richardson-Walker,Bangladesh, fabric,90.9%,0.0267,0.0102,16.2,98.0,1,
732,SUP-00733,Adams-Sanders,INDONESIA,buttons,0.9575,0.043,0.0142,11.6,101.0,0,
846,SUP-00847,"Alexander, Robinson and Coleman",India,thread,0.8641,0.034,0.0388,13.3,104.0,0,
231,SUP-00232,"Choi, Garcia and Farmer",Bangladesh,dye_chemicals,0.8686,0.0228,0.0371,16.4,131.0,0,
123,SUP-00124,"Joyce, Wilson and Lam",Bangladesh,packageing,0.8491,0.0789,,17.0,82.0,1,
379,SUP-00380,Boone LLC,India,dye_chemicals,0.9452,0.0326,0.0469,15.2,103.0,0,
998,SUP-00999,"Robinson, Huang and Osborne",Indonesia,trims,0.8514,0.0162,,,91.0,0,
615,SUP-00616,Sanchez Ltd,India,zippers,0.851,0.0339,0.0499,22.0,118.0,1,
689,SUP-00690,"Flores, Butler and Hernandez",Bangladesh,dye_chemicals,0.8945,0.0205,0.0461,18.9,116.0,0,
139,SUP-00140,Chambers and Sons,VIETNAM,buton,0.9715,0.003,0.0041,14.1,116.0,0,
74,SUP-00075,Novak PLC,China, trims,0.9341,0.0,0.0,14.2,93.0,1,
273,SUP-00274,Hoover-Campbell,China,dye_chemicals,0.9842,,0.0236,  11.9  ,93.0,0,
260,SUP-00261,Wolf-Harris,Sri Lanka,fabric,0.9527,0.0336,0.0223,14.4,64.0,0,
485,SUP-00486,Jones-Fox,Pakisthan,fabric,95.5%,0.0234,0.0,8.2,,0,
856,SUP-00857,"Adams, Hodge and Duke",Sri Lanka,zippers,0.9651,0.0483,0.014,11.1,64.0,0,
571,SUP-00572,"Smith, Rodriguez and Anderson",Pakistan,Thread,0.9743,0.0342,0.0,10.1,,0,
934,SUP-00935,Williams LLC,Indonesia,zippers ,0.7571,0.0814,0.074,21.8,47.0,1,
609,SUP-00610,Blevins-Ballard,Pakistan,dye_chemicals,99.5%,,0.0135,12.2,97.0,0,
915,SUP-00916,"Herrera, Jensen and Ramirez",Vietnam,fabric ,,0.044,0.0573,17.6,86.0,0,
170,SUP-00171,Meadows PLC,Bangladesh,buton,0.9241,0.0085,0.0175,22.0,95.0,0,
905,SUP-00906,"Brown, Hurst and Blevins",pakistan,buttons,0.8306,0.0558,0.0416,13.3,94.0,0,
743,SUP-00744,"Alvarez, Williams and Jones",Bangladesh,zippers ,0.9711,0.0,0.0247,9.5,72.0,1,
669,SUP-00670,"Anderson, Dalton and Wilson",Indonesia,Thread,71.5%,0.0565,0.0714,26.1,110.0,1,
483,SUP-00484,Mendez and Sons,Pakistan,fabric,0.9183,0.0047,0.0221,7.1,71.0,0,
324,SUP-00325,"Diaz, Gibbs and Smith",Bangladesh,FABRIC,0.8866,0.0587,0.0472,13.8,85.0,1,
470,SUP-00471,Walker-Flores,PAKISTAN,BUTTONS,0.8356,0.0749,0.0634,24.9,83.0,1,
747,SUP-00748,Goodwin Ltd,Sri Lanka,packaging,0.8509,0.0331,,11.0,59.0,0,
562,SUP-00563,Dougherty-Lin,Indonesia,buttons,0.8907,,0.0,18.2,81.0,0,
525,SUP-00526,Hayes Ltd,VN,dye_chemicals,89.5%,0.0248,0.0609,  5.8  ,92.0,0,
966,SUP-00967,"Howard, Townsend and Hayes",Pakistan,trims,0.965,0.0231,0.0443,9.1,53.0,0,
344,SUP-00345,"Harper, Smith and Buchanan",Vietnam,PACKAGING,0.9341,0.0199,0.0297,12.8,62.0,0,
543,SUP-00544,Donovan-Perez,Sri Lanka,trims,0.8464,0.0171,0.0148,14.5,132.0,0,
334,SUP-00335,Price LLC,India,Buttons,0.9133,0.022,0.034,10.3,88.0,0,
965,SUP-00966,Owens-Russell,Bangladesh,zippers,0.8581,0.0284,0.0404,12.2,93.0,0,
685,SUP-00686,"Boyd, Gutierrez and Hill",Pakistan,BUTTONS,63.7%,0.1137,0.0839,26.4,74.0,1,
268,SUP-00269,Hicks-Hill,China,Dye Chemicals,0.8355,0.064,0.066,29.7,167.0,1,
698,SUP-00699,"Morrison, Russo and Lopez",Pakistan,dyechemicals,78.8%,0.0765,0.0513,18.8,47.0,1,
742,SUP-00743,Lewis Ltd,Pakistan,Packaging,0.7989,0.0331,0.0322,10.4,135.0,0,
972,SUP-00973,Green-Ewing,Vietnam,packageing,0.8512,0.0,0.0123,18.5,90.0,0,
37,SUP-00038,"Baker, Mason and White",India,trims,0.7396,0.0484,0.0583,26.7,115.0,1,
712,SUP-00713,"Butler, Hernandez and Rivera",Bangladesh,zippers,0.8771,0.0175,0.0,9.0,,0,
418,SUP-00419,Morrison Ltd,Bangladesh,Fabric,0.905,0.0489,0.0437,14.5,51.0,0,
728,SUP-00729,Nichols-Mitchell,Sri Lanka,dye_chemicals,0.9014,0.035,0.0289,16.5,102.0,0,
953,SUP-00954,Barnes Inc,China,buttons,0.8703,0.0172,0.0,5.9,,0,
967,SUP-00968,Baker-Wilson,Pakistan,thread,0.9235,0.0132,0.0244,9.7,,0,
808,SUP-00809,Mueller-Boyd,Indonesia,dye_chemicals,82.9%,0.0744,0.035,  15.0  ,,0,re-check qty
118,SUP-00119,May-Ross,indonesia,thread,83.9%,0.0373,0.0193,18.9,160.0,0,
681,SUP-00682,"Robinson, Shields and Brown",Bangla Desh,fabric,0.838,0.0159,0.0388,  18.7  ,129.0,0,re-check qty
86,SUP-00087,"Ferrell, Jones and Lewis",BANGLADESH,thread,0.7989,0.0621,0.0377,23.8,92.0,1,
724,SUP-00725,Wagner LLC, India ,thread,0.9905,0.0307,0.0345,14.8,122.0,0,
876,SUP-00877,Harris-Barker,Vietnam,trims,0.7957,,0.0361,15.0,127.0,1,
